starttime,endtime,label,date,max_prob,mean_prob
1790.0,1870.0,surface,2025-06-25,0.5051044447347524,0.28402255835585377
3990.0,4060.0,surface,2025-06-25,0.5316486353054642,0.3375668042677944
8860.0,8950.0,surface,2025-06-25,0.895886516571045,0.5278044645192802
9330.0,9410.0,surface,2025-06-25,0.6265289843082429,0.4037038876427009
12820.0,12890.0,surface,2025-06-25,0.580296100047417,0.38568325172818735
13620.0,13770.0,surface,2025-06-25,0.6749555088579655,0.3610299383999258
16010.0,16150.0,surface,2025-06-25,0.7091252744197845,0.3720956593134149
16600.0,16740.0,surface,2025-06-25,0.9190754532814026,0.5976080963752569
20260.0,20340.0,surface,2025-06-25,0.6420108437538148,0.3695107330661914
21140.0,21210.0,surface,2025-06-25,0.5486297275871039,0.36342378495628513
21980.0,22060.0,surface,2025-06-25,0.5981296837329865,0.3541439734612747
22380.0,22440.0,surface,2025-06-25,0.521208916604519,0.34235748740091687
180.0,370.0,surface,2025-06-25,0.9650140166282654,0.5659568984597718
1060.0,1140.0,surface,2025-06-25,0.6472222343087197,0.37003862003718196
1840.0,1920.0,surface,2025-06-25,0.746454656124115,0.41280024664006815
1950.0,2020.0,surface,2025-06-25,0.5982767045497894,0.3710875579015919
2600.0,2670.0,surface,2025-06-25,0.6084628880023957,0.3918498843110342
3450.0,3500.0,surface,2025-06-25,0.6521112447604538,0.5039663764628738
660.0,750.0,surface,2025-06-25,0.8896201610565186,0.491026552129233
2140.0,2210.0,surface,2025-06-25,0.5196698471903801,0.32732793093422696
4060.0,4150.0,surface,2025-06-25,0.5000037789344788,0.3306359264421599
6260.0,6360.0,surface,2025-06-25,0.7880180358886719,0.4751636658368303
6830.0,6950.0,surface,2025-06-25,0.9344505429267884,0.4463151996577206
10270.0,10370.0,surface,2025-06-25,0.9311517596244813,0.5102388605934223
10990.0,11060.0,surface,2025-06-25,0.6570405304431916,0.40992472506829347
11610.0,11700.0,surface,2025-06-25,0.537865549325943,0.34766299775439624
13020.0,13260.0,surface,2025-06-25,0.9625016689300537,0.5236386986841244
13320.0,13440.0,surface,2025-06-25,0.8239257156848907,0.4657719779278061
15350.0,15440.0,surface,2025-06-25,0.8870857000350952,0.49878309677331056
16300.0,16430.0,surface,2025-06-25,0.7647000670433045,0.4844408185772669
16460.0,16530.0,surface,2025-06-25,0.6459983140230179,0.3910117659748887
16630.0,16730.0,surface,2025-06-25,0.5890424847602844,0.3698756166998382
17800.0,18000.0,surface,2025-06-25,0.9999908447265624,0.6520970422751236
18100.0,18220.0,surface,2025-06-25,0.9454001188278198,0.5965436592634337
21980.0,22110.0,surface,2025-06-25,0.6376721471548081,0.3127938623057811
24760.0,24830.0,surface,2025-06-25,0.7068353921175003,0.4609488232993045
27310.0,27390.0,surface,2025-06-25,0.8144378677010536,0.47161049140231626
29160.0,29320.0,surface,2025-06-25,0.837336403131485,0.5442915825022508
29700.0,29800.0,surface,2025-06-25,0.7353223204612732,0.4155327504688928
29930.0,30090.0,surface,2025-06-25,0.9182631254196167,0.5559786445412959
30190.0,30310.0,surface,2025-06-25,0.8828176856040955,0.41719657427016804
30870.0,31000.0,surface,2025-06-25,0.721424424648285,0.513183872166571
33640.0,33730.0,surface,2025-06-25,0.6493183255195618,0.34420287356711926
33780.0,33860.0,surface,2025-06-25,0.6204714179039001,0.3725754809708128
34440.0,34520.0,surface,2025-06-25,0.5003572225570678,0.26903174574643074
36590.0,36670.0,surface,2025-06-25,0.5320431992411614,0.3193576960504288
37360.0,37440.0,surface,2025-06-25,0.6420973122119904,0.3602000899912026
38060.0,38160.0,surface,2025-06-25,0.5306424736976624,0.34078193858943207
39710.0,39800.0,surface,2025-06-25,0.6622737497091293,0.37438725204122425
40050.0,40130.0,surface,2025-06-25,0.7916505724191666,0.4464299109796735
40800.0,40890.0,surface,2025-06-25,0.959229075908661,0.5114779089102558
41120.0,41260.0,surface,2025-06-25,0.7775646895170213,0.4304694849917238
41550.0,41670.0,surface,2025-06-25,0.9447993636131288,0.5188038903857083
41940.0,42140.0,surface,2025-06-25,0.8026394248008728,0.40806840940827965
42190.0,42280.0,surface,2025-06-25,0.6393864035606385,0.3692367716146366
43910.0,44080.0,surface,2025-06-25,0.9253317356109619,0.5128359815784885
45830.0,45950.0,surface,2025-06-25,0.6642518669366837,0.41559776153343797
46020.0,46090.0,surface,2025-06-25,0.6148245841264726,0.3781175051843093
47410.0,47490.0,surface,2025-06-25,0.6218901365995407,0.353894848302293
49520.0,49590.0,surface,2025-06-25,0.6740398477762938,0.4102504619135541
49960.0,50080.0,surface,2025-06-25,0.9459387063980104,0.5154152303390825
51050.0,51120.0,surface,2025-06-25,0.504979169368744,0.3087336140653204
320.0,430.0,surface,2025-06-26,0.7310537576675415,0.42705504339311723
570.0,650.0,surface,2025-06-26,0.7393723666667937,0.4500248943352037
680.0,750.0,surface,2025-06-26,0.5009365612873808,0.3206694222346414
2150.0,2230.0,surface,2025-06-26,0.6672557763755322,0.3832197762104619
4890.0,5010.0,surface,2025-06-26,0.8953013896942139,0.5449995215701795
5630.0,5710.0,surface,2025-06-26,0.8080967605113983,0.45938868268729294
8400.0,8480.0,surface,2025-06-26,0.7218128979206087,0.409033597163037
8810.0,8890.0,surface,2025-06-26,0.7271114140748978,0.43283394575050305
9320.0,9420.0,surface,2025-06-26,0.8613860964775086,0.5496760393196957
10660.0,10780.0,surface,2025-06-26,0.7570064425468446,0.36972777032495713
11610.0,11690.0,surface,2025-06-26,0.5024127289652826,0.31374040411578286
11840.0,11950.0,surface,2025-06-26,0.8343421638011933,0.5161550006169515
12620.0,12800.0,surface,2025-06-26,0.5093481838703157,0.30796489711365693
13150.0,13230.0,surface,2025-06-26,0.6349693924188615,0.4075257552050365
16520.0,16590.0,surface,2025-06-26,0.6661814153194427,0.40739399471349313
17440.0,17540.0,surface,2025-06-26,0.8309063374996186,0.43568471746159293
18780.0,18900.0,surface,2025-06-26,0.7631271362304688,0.40234054648359385
20090.0,20190.0,surface,2025-06-26,0.5980728745460511,0.37869175466301785
20610.0,20700.0,surface,2025-06-26,0.7388506412506104,0.3959767522838623
23790.0,23870.0,surface,2025-06-26,0.6837488114833833,0.39617262987481405
24590.0,24730.0,surface,2025-06-26,0.9213950395584107,0.5970151865101009
560.0,710.0,surface,2025-06-26,0.9876623630523682,0.5193271155556431
1900.0,1970.0,surface,2025-06-26,0.5770470605231822,0.34979400666881333
3380.0,3520.0,surface,2025-06-26,0.7734222531318665,0.39485318416235865
1760.0,1950.0,surface,2025-06-26,0.9999217987060547,0.6103573278620751
4840.0,4900.0,surface,2025-06-26,0.5441820561885835,0.37064552386621347
5180.0,5270.0,surface,2025-06-26,0.7072171241044999,0.3629890237509971
7550.0,7720.0,surface,2025-06-26,0.9737218022346498,0.39194136920883066
7890.0,7970.0,surface,2025-06-26,0.7845779448747636,0.4377132090037372
15820.0,15930.0,surface,2025-06-26,0.995799446105957,0.5921835784698489
17210.0,17300.0,surface,2025-06-26,0.7540830910205841,0.39896140804809394
19450.0,19570.0,surface,2025-06-26,0.8287807941436768,0.4998576638043757
20020.0,20080.0,surface,2025-06-26,0.5450199887156486,0.3735788778607936
22600.0,22710.0,surface,2025-06-26,0.8386265754699708,0.4428919908204989
26370.0,26440.0,surface,2025-06-26,0.6514163732528687,0.3955386875861371
26750.0,26820.0,surface,2025-06-26,0.565750476717949,0.3536407803857856
29140.0,29230.0,surface,2025-06-26,0.5622157812118531,0.29032171694434783
38580.0,38650.0,surface,2025-06-26,0.530033078789711,0.3341275693182297
38900.0,38980.0,surface,2025-06-26,0.5363317742943763,0.3182419472599375
42350.0,42430.0,surface,2025-06-26,0.7502855360507965,0.41812941687960326
44360.0,44430.0,surface,2025-06-26,0.5851558834314347,0.3621847555295801
45770.0,45870.0,surface,2025-06-26,0.6957198858261109,0.420570954089866
47300.0,47410.0,surface,2025-06-26,0.9434138417243958,0.6048957653807178
47540.0,47610.0,surface,2025-06-26,0.5773840188980103,0.3505828355725271
49320.0,49390.0,surface,2025-06-26,0.6021431472152472,0.39550260986934516
51900.0,51990.0,surface,2025-06-26,0.6414831448346376,0.3248272770494805
53790.0,53860.0,surface,2025-06-26,0.5958593253977597,0.3925721351195534
54960.0,55040.0,surface,2025-06-26,0.7105680704116821,0.3998034611119642
55240.0,55330.0,surface,2025-06-26,0.5405862588435413,0.36403300044534265
55430.0,55540.0,surface,2025-06-26,0.5131878912448884,0.29511204565557514
55600.0,55680.0,surface,2025-06-26,0.8343182265758515,0.46491930654658326
56050.0,56230.0,surface,2025-06-26,0.6417669087648391,0.3419026744627397
56280.0,56390.0,surface,2025-06-26,0.9776525378227234,0.5772722626572507
470.0,560.0,surface,2025-06-27,0.6737743794918061,0.3437409609917995
1080.0,1280.0,surface,2025-06-27,0.9544401407241822,0.5233011303903194
2280.0,2370.0,surface,2025-06-27,0.549359423480928,0.32439538363483733
3150.0,3240.0,surface,2025-06-27,0.8466280102729798,0.4342984377249013
3820.0,3910.0,surface,2025-06-27,0.7705308973789216,0.41975119558363083
3960.0,4030.0,surface,2025-06-27,0.5274002254009248,0.33354474261414
4500.0,4580.0,surface,2025-06-27,0.6307007014751436,0.36982482043094933
6040.0,6170.0,surface,2025-06-27,0.8052657723426819,0.44011862717178957
7830.0,7900.0,surface,2025-06-27,0.6097632974386216,0.38004517080917144
9000.0,9200.0,surface,2025-06-27,0.9999872446060181,0.6787828738979963
10940.0,11040.0,surface,2025-06-27,0.6730151772499086,0.3763790645864422
11750.0,11830.0,surface,2025-06-27,0.5953857347369195,0.35920099657742965
11990.0,12070.0,surface,2025-06-27,0.5140858098864556,0.2995604738686073
14320.0,14390.0,surface,2025-06-27,0.6055686116218567,0.36737197274607075
17410.0,17490.0,surface,2025-06-27,0.6846718668937684,0.4027097240475996
20410.0,20530.0,surface,2025-06-27,0.7672921419143677,0.44250729194732585
20650.0,20720.0,surface,2025-06-27,0.6731396555900575,0.4119389743884767
23450.0,23560.0,surface,2025-06-27,0.7033180475234986,0.4324156678327731
24010.0,24080.0,surface,2025-06-27,0.6693591526709497,0.3967892002746078
24650.0,24720.0,surface,2025-06-27,0.5026864111423492,0.2992966041467298
3070.0,3150.0,surface,2025-06-27,0.6847061440348625,0.40610275211834046
4560.0,4630.0,surface,2025-06-27,0.5472177928313613,0.32705174408019955
5790.0,5880.0,surface,2025-06-27,0.9387601852416992,0.49192275704486976
6060.0,6230.0,surface,2025-06-27,0.9105733394622803,0.4899645604306998
9750.0,9820.0,surface,2025-06-27,0.5254483027383685,0.33975615807412396
10230.0,10310.0,surface,2025-06-27,0.8202074646949769,0.4755237931569961
10570.0,10670.0,surface,2025-06-27,0.6926592320203782,0.4366055646016982
10930.0,11030.0,surface,2025-06-27,0.6903519809246064,0.4346047294229555
11500.0,11620.0,surface,2025-06-27,0.6177893602754921,0.3493374499480035
2520.0,2600.0,surface,2025-06-27,0.6690322786569596,0.3749587295907582
2830.0,2940.0,surface,2025-06-27,0.6018259525299072,0.35548600374390843
4890.0,5000.0,surface,2025-06-27,0.7339660525321962,0.37247857837161674
5330.0,5390.0,surface,2025-06-27,0.5405630032531917,0.3734322797326893
6870.0,6940.0,surface,2025-06-27,0.5462921673431993,0.331877766685728
7830.0,7900.0,surface,2025-06-27,0.532407332956791,0.34620555392320973
10520.0,10600.0,surface,2025-06-27,0.5659312516450883,0.3186339203005547
11490.0,11570.0,surface,2025-06-27,0.5515984654426576,0.3045976741814651
13070.0,13130.0,surface,2025-06-27,0.5942506954073906,0.4019952364513301
15210.0,15280.0,surface,2025-06-27,0.5592473994009197,0.3513747645502917
16590.0,16680.0,surface,2025-06-27,0.6687386572360993,0.37027197226695663
21710.0,21870.0,surface,2025-06-27,0.8277379572391511,0.4996186892111609
22930.0,23050.0,surface,2025-06-27,0.6204094439744949,0.33693435739125255
24610.0,24680.0,surface,2025-06-27,0.5379912316799164,0.33540042780310153
25240.0,25360.0,surface,2025-06-27,0.9603079438209534,0.5366461866993877
28060.0,28150.0,surface,2025-06-27,0.5694712871685624,0.3315118953642832
28550.0,28630.0,surface,2025-06-27,0.7574312955141068,0.4325621921543239
28820.0,28950.0,surface,2025-06-27,0.8833618879318237,0.5039945335307233
29110.0,29240.0,surface,2025-06-27,0.9707406044006349,0.5880621314173033
29640.0,29740.0,surface,2025-06-27,0.8986734867095949,0.576507412437935
30590.0,30660.0,surface,2025-06-27,0.5885505862534046,0.3876036413950715
31240.0,31310.0,surface,2025-06-27,0.6917711287736893,0.4404458380879078
31850.0,31930.0,surface,2025-06-27,0.5807446479797364,0.313127415550333
35460.0,35540.0,surface,2025-06-27,0.782556176185608,0.4337962522979877
35580.0,35760.0,surface,2025-06-27,0.9999866008758546,0.6938136309375248
39830.0,39930.0,surface,2025-06-27,0.5524391536600888,0.34475063586300664
42750.0,42840.0,surface,2025-06-27,0.8168443322181702,0.42662524452283035
43460.0,43530.0,surface,2025-06-27,0.5746213082224132,0.3525742775877461
44130.0,44200.0,surface,2025-06-27,0.5030503287911415,0.3358982939374301
45270.0,45430.0,surface,2025-06-27,0.5695905394852162,0.37123931223633005
45520.0,45600.0,surface,2025-06-27,0.6174932492896915,0.3453477977690151
46290.0,46370.0,surface,2025-06-27,0.639705365896225,0.37351986252599295
2230.0,2330.0,surface,2025-06-28,0.9990865945816042,0.5914616759492095
3250.0,3310.0,surface,2025-06-28,0.522002513287589,0.36918641766699567
3320.0,3420.0,surface,2025-06-28,0.8014570236206053,0.4677724455970085
3830.0,3920.0,surface,2025-06-28,0.813681173324585,0.40925498700098667
5590.0,5670.0,surface,2025-06-28,0.5090803556144238,0.2839299325852031
6060.0,6180.0,surface,2025-06-28,0.8210799336433412,0.4141348215767022
6630.0,6700.0,surface,2025-06-28,0.8014242053031921,0.49542499560732123
6720.0,6840.0,surface,2025-06-28,0.6453812539577485,0.40552337333361776
6920.0,7030.0,surface,2025-06-28,0.7838424801826478,0.46009443469155253
7690.0,7820.0,surface,2025-06-28,0.9958761930465698,0.6067614851357056
9100.0,9210.0,surface,2025-06-28,0.6726364076137543,0.3606832441192334
9880.0,9950.0,surface,2025-06-28,0.6647643357515336,0.40149034906821934
16690.0,16780.0,surface,2025-06-28,0.5448110930155963,0.32891451478636197
0.0,100.0,surface,2025-06-28,0.6120678681880235,0.35013634305070646
490.0,600.0,surface,2025-06-28,0.5963844612240792,0.384881991749368
4540.0,4630.0,surface,2025-06-28,0.7895108461380005,0.4191402245507788
5230.0,5310.0,surface,2025-06-28,0.6137586355209351,0.36235639208967235
870.0,950.0,surface,2025-06-28,0.5531081408262253,0.32677113290402976
1370.0,1490.0,surface,2025-06-28,0.5254211681429297,0.39117352873216465
3730.0,3830.0,surface,2025-06-28,0.6122137762606145,0.3617379243190623
6170.0,6240.0,surface,2025-06-28,0.5427962951362132,0.3401786510585225
11290.0,11410.0,surface,2025-06-28,0.7513211950659753,0.3999371502671588
12730.0,12850.0,surface,2025-06-28,0.8988370060920716,0.551889292238719
14090.0,14240.0,surface,2025-06-28,0.7816370368003847,0.4180111754174505
15670.0,15740.0,surface,2025-06-28,0.52707761824131,0.3526629724184204
17810.0,17880.0,surface,2025-06-28,0.5262037105858326,0.3586043675924884
18590.0,18660.0,surface,2025-06-28,0.5780545562505722,0.3631806534901444
18690.0,18880.0,surface,2025-06-28,0.9471625685691835,0.4643503453829999
19640.0,19770.0,surface,2025-06-28,0.6780701413750649,0.41452512614769715
20040.0,20120.0,surface,2025-06-28,0.842346692085266,0.4564504238447348
24290.0,24360.0,surface,2025-06-28,0.60216119105462,0.3810829134064335
25350.0,25430.0,surface,2025-06-28,0.6066389679908752,0.36464305373999134
25600.0,25690.0,surface,2025-06-28,0.5549360632896424,0.3573683036555304
25700.0,25770.0,surface,2025-06-28,0.5790482550859452,0.3786883409606162
25810.0,25890.0,surface,2025-06-28,0.8014717161655427,0.4428661563288087
26350.0,26450.0,surface,2025-06-28,0.8062164664268495,0.4617736796336034
26950.0,27140.0,surface,2025-06-28,0.9999843835830688,0.5789583561427936
27350.0,27410.0,surface,2025-06-28,0.514425869518891,0.34970054319115723
28700.0,28770.0,surface,2025-06-28,0.6960666298866273,0.4304336568187864
30020.0,30110.0,surface,2025-06-28,0.6466836363077164,0.4358419592784776
31430.0,31520.0,surface,2025-06-28,0.5250597756414209,0.32106064024235825
34040.0,34190.0,surface,2025-06-28,0.6724733680486679,0.38801682689229433
35120.0,35190.0,surface,2025-06-28,0.6291375033557416,0.41068728200037297
35780.0,35860.0,surface,2025-06-28,0.6325542330741882,0.3463100699299957
40880.0,41010.0,surface,2025-06-28,0.545158863067627,0.2974631589119131
41450.0,41560.0,surface,2025-06-28,0.8933133602142335,0.4978615808431642
41590.0,41660.0,surface,2025-06-28,0.5460742868483067,0.3337780663751687
43840.0,43920.0,surface,2025-06-28,0.8379075944423676,0.4803779493122218
46540.0,46710.0,surface,2025-06-28,0.8741432547569276,0.548894739190963
47660.0,47750.0,surface,2025-06-28,0.5988898105919361,0.363009465088071
48020.0,48120.0,surface,2025-06-28,0.794301089644432,0.44694401533303213
48420.0,48500.0,surface,2025-06-28,0.5227621048688889,0.3346956945122935
48640.0,48700.0,surface,2025-06-28,0.5061775326728821,0.3358188242548944
49630.0,49730.0,surface,2025-06-28,0.7220359921455384,0.42603017268428084
50540.0,50640.0,surface,2025-06-28,0.6477197647094727,0.39522495988163764
50740.0,50830.0,surface,2025-06-28,0.7751103878021239,0.4143460895247256
52420.0,52490.0,surface,2025-06-28,0.533814525604248,0.3272772147059726
53570.0,53640.0,surface,2025-06-28,0.5669228099286556,0.35314955623566674
55210.0,55430.0,surface,2025-06-28,0.6891665160655975,0.31860436182686624
56350.0,56460.0,surface,2025-06-28,0.9336587429046632,0.5860052893469401
57440.0,57570.0,surface,2025-06-28,0.6846454203128816,0.37789068951932936
60380.0,60460.0,surface,2025-06-28,0.6940343778580427,0.3895719858107264
2630.0,2780.0,surface,2025-06-29,0.9648542284965516,0.45671891822848776
3110.0,3290.0,surface,2025-06-29,0.9650044560432434,0.5245415305178062
3330.0,3400.0,surface,2025-06-29,0.6093623906373978,0.394136088740197
4760.0,4860.0,surface,2025-06-29,0.8469489216804504,0.430258856097829
6950.0,7030.0,surface,2025-06-29,0.7428784370422363,0.408264825803902
9800.0,9880.0,surface,2025-06-29,0.805734544992447,0.49702253079352293
11100.0,11180.0,surface,2025-06-29,0.5739060200750828,0.3701399893447565
11440.0,11520.0,surface,2025-06-29,0.6464303225278855,0.36085388398399426
11700.0,11770.0,surface,2025-06-29,0.561145094037056,0.3643089361357555
11850.0,11930.0,surface,2025-06-29,0.5494380995631218,0.29552714676451614
12590.0,12670.0,surface,2025-06-29,0.6163948997855186,0.3577066806165576
13120.0,13190.0,surface,2025-06-29,0.5267629861831665,0.33906004539130663
13400.0,13480.0,surface,2025-06-29,0.7209913671016693,0.4036237438130006
13800.0,13860.0,surface,2025-06-29,0.6090100280940534,0.4166659943825965
15850.0,15930.0,surface,2025-06-29,0.6046525180339813,0.3395170142376124
16290.0,16380.0,surface,2025-06-29,0.9413741111755372,0.5296824041381478
21460.0,21530.0,surface,2025-06-29,0.7023454427719116,0.47561316831161093
22700.0,22790.0,surface,2025-06-29,0.5330055508762599,0.30476516968994877
23290.0,23380.0,surface,2025-06-29,0.7543602705001832,0.44248531966935856
1370.0,1450.0,surface,2025-06-29,0.7628774851560594,0.45030244346966763
2540.0,2620.0,surface,2025-06-29,0.7141292907297612,0.3995101026600121
2970.0,3040.0,surface,2025-06-29,0.5846033980953508,0.36219657114805276
10.0,90.0,surface,2025-06-29,0.7027169317007065,0.42314810244155926
1800.0,1990.0,surface,2025-06-29,0.9999036312103272,0.6924059495481198
2570.0,2630.0,surface,2025-06-29,0.6382672201376409,0.4351297986876287
3080.0,3160.0,surface,2025-06-29,0.7772542476654054,0.4772894168796485
3260.0,3380.0,surface,2025-06-29,0.9442902445793152,0.5372068211716021
4170.0,4270.0,surface,2025-06-29,0.7387280344963074,0.4165744840590792
5990.0,6060.0,surface,2025-06-29,0.6518988639116288,0.41185598906595267
6630.0,6710.0,surface,2025-06-29,0.7552178472280502,0.4816753674537419
12550.0,12620.0,surface,2025-06-29,0.6799456655979157,0.4330456860687264
15880.0,15950.0,surface,2025-06-29,0.6557517811655998,0.39351157747012455
16430.0,16590.0,surface,2025-06-29,0.7660250842571259,0.3947310759221129
21550.0,21630.0,surface,2025-06-29,0.7168346643447877,0.41421769868106323
22300.0,22440.0,surface,2025-06-29,0.6891746997833252,0.38978623106959287
23300.0,23380.0,surface,2025-06-29,0.6391695857048035,0.3793811464509026
26750.0,26830.0,surface,2025-06-29,0.5670875176787376,0.3160968981182022
31420.0,31550.0,surface,2025-06-29,0.7049066662788392,0.4372377182180311
31890.0,31970.0,surface,2025-06-29,0.6970885564107449,0.38753698113572077
33150.0,33220.0,surface,2025-06-29,0.7782669723033906,0.4736765268576562
34940.0,35020.0,surface,2025-06-29,0.8173295140266419,0.45689829189472636
36940.0,37060.0,surface,2025-06-29,0.9355048656463623,0.5753245200666094
37240.0,37320.0,surface,2025-06-29,0.655693793296814,0.3757093837756858
39490.0,39560.0,surface,2025-06-29,0.6289904175326229,0.3763991833443133
40380.0,40450.0,surface,2025-06-29,0.6079760730266572,0.382539790833107
40770.0,40840.0,surface,2025-06-29,0.6887084841728212,0.4249375320119726
40900.0,40970.0,surface,2025-06-29,0.5160072835162283,0.34096970041932767
41100.0,41170.0,surface,2025-06-29,0.5414241375401616,0.3576023073906413
44240.0,44310.0,surface,2025-06-29,0.5812923789024353,0.3613701121121608
46810.0,46920.0,surface,2025-06-29,0.7142646670341493,0.3612205721928931
48540.0,48660.0,surface,2025-06-29,0.9535784363746643,0.4564479326155152
52730.0,52930.0,surface,2025-06-29,0.6470102548599244,0.384002121870539
54700.0,54800.0,surface,2025-06-29,0.6821262240409852,0.38869231094630036
55690.0,55820.0,surface,2025-06-29,0.9879414558410645,0.6351006785552402
56760.0,56860.0,surface,2025-06-29,0.5425771772861481,0.3180394801440839
56880.0,57010.0,surface,2025-06-29,0.9572316408157349,0.5245476856971176
4840.0,4940.0,surface,2025-06-30,0.6638640217483043,0.40430290091694177
4990.0,5080.0,surface,2025-06-30,0.5378270423039794,0.3534308653060726
6040.0,6130.0,surface,2025-06-30,0.962641716003418,0.5415637162662461
6150.0,6220.0,surface,2025-06-30,0.5675305340439081,0.3523730595861707
8650.0,8750.0,surface,2025-06-30,0.8591182231903077,0.5440335992385041
9000.0,9210.0,surface,2025-06-30,0.9999917268753052,0.629154216166283
12250.0,12320.0,surface,2025-06-30,0.547252099122852,0.3470165049095158
13230.0,13370.0,surface,2025-06-30,0.8743159055709839,0.4436714450026687
13410.0,13500.0,surface,2025-06-30,0.69352245926857,0.39031606073724107
13750.0,13930.0,surface,2025-06-30,0.9638022303581238,0.5278111248675773
14400.0,14570.0,surface,2025-06-30,0.8058484971523285,0.4086561737012946
14760.0,14840.0,surface,2025-06-30,0.7695203986018897,0.4838483107090472
18340.0,18460.0,surface,2025-06-30,0.6579455554485322,0.3720294942481604
19990.0,20100.0,surface,2025-06-30,0.9684613466262817,0.6153584356834806
20450.0,20520.0,surface,2025-06-30,0.76174556016922,0.4716312363416364
21720.0,21790.0,surface,2025-06-30,0.599758979678154,0.381919097271566
22030.0,22170.0,surface,2025-06-30,0.5665322989225388,0.3657531041744066
880.0,950.0,surface,2025-06-30,0.6051234394311905,0.4079881800897738
1750.0,1820.0,surface,2025-06-30,0.5064025849103928,0.30332166451801545
2020.0,2100.0,surface,2025-06-30,0.6487184643745423,0.4069783848972722
2180.0,2300.0,surface,2025-06-30,0.7043789327144623,0.4162648742704383
5780.0,5850.0,surface,2025-06-30,0.5588616192340851,0.35975529936622475
9870.0,9980.0,surface,2025-06-30,0.6377902060747147,0.3471036444113755
11860.0,11960.0,surface,2025-06-30,0.6158381938934328,0.3817621922072828
13280.0,13350.0,surface,2025-06-30,0.5697143334895373,0.3543992069273372
2960.0,3080.0,surface,2025-06-30,0.6150288969278336,0.37826714363549435
3290.0,3360.0,surface,2025-06-30,0.6119476824998855,0.39972937583937024
4510.0,4570.0,surface,2025-06-30,0.5349530572653748,0.3418853159274217
6440.0,6510.0,surface,2025-06-30,0.6706402532756329,0.4078441524383969
7230.0,7300.0,surface,2025-06-30,0.7025497004389764,0.425246547648203
8140.0,8260.0,surface,2025-06-30,0.5472703665494919,0.3517478900019621
10950.0,11040.0,surface,2025-06-30,0.7669205248355865,0.4456002898468796
11840.0,11950.0,surface,2025-06-30,0.9878664374351501,0.6740485407184679
12940.0,13020.0,surface,2025-06-30,0.7189089387655258,0.40370290611075077
14030.0,14140.0,surface,2025-06-30,0.7178161799907685,0.4636461193525239
16450.0,16520.0,surface,2025-06-30,0.6048593586310745,0.37785979660863955
18370.0,18440.0,surface,2025-06-30,0.5358890980482103,0.3477365153725259
21280.0,21360.0,surface,2025-06-30,0.8845187902450562,0.5319951837468478
23860.0,23950.0,surface,2025-06-30,0.8089108347892762,0.4515604539584137
25140.0,25240.0,surface,2025-06-30,0.9893556356430054,0.5091649103068697
25400.0,25470.0,surface,2025-06-30,0.5790311507880688,0.3874655587468624
29350.0,29420.0,surface,2025-06-30,0.6293586388230323,0.3886214305479371
30070.0,30180.0,surface,2025-06-30,0.7298877835273743,0.4673574166954799
30990.0,31100.0,surface,2025-06-30,0.8287963151931763,0.4874632449612915
32950.0,33110.0,surface,2025-06-30,0.8079201042652131,0.3940506370870828
34950.0,35110.0,surface,2025-06-30,0.9999927759170533,0.6912961394333466
36890.0,37050.0,surface,2025-06-30,0.5203918442130089,0.3661021187840895
38170.0,38270.0,surface,2025-06-30,0.748464846611023,0.41410277768035575
38370.0,38440.0,surface,2025-06-30,0.5757514625787735,0.3588451898904168
38650.0,38790.0,surface,2025-06-30,0.792371642589569,0.45347074883601945
39610.0,39730.0,surface,2025-06-30,0.5698769859969616,0.3150418536880842
39840.0,39980.0,surface,2025-06-30,0.7018337041139603,0.3587965906151416
40120.0,40230.0,surface,2025-06-30,0.5814319081604481,0.350268352182682
40430.0,40510.0,surface,2025-06-30,0.7376605316996575,0.425913353130861
41020.0,41090.0,surface,2025-06-30,0.6359354220330715,0.40224655097126744
42270.0,42340.0,surface,2025-06-30,0.5602597534656525,0.3487703343598971
44610.0,44790.0,surface,2025-06-30,0.5016771554946899,0.2920323896839065
44910.0,45010.0,surface,2025-06-30,0.5424873432144522,0.35877128681419407
60.0,240.0,surface,2025-07-01,0.679764699935913,0.37709433496891415
2940.0,3020.0,surface,2025-07-01,0.7257670611143111,0.4078232426737991
6050.0,6200.0,surface,2025-07-01,0.6965015378780663,0.3733548282326638
6330.0,6410.0,surface,2025-07-01,0.6174430191516876,0.32950760126699374
7690.0,7750.0,surface,2025-07-01,0.5091896167024971,0.34230605676343007
12030.0,12120.0,surface,2025-07-01,0.7380496259778738,0.37554632371524355
12490.0,12600.0,surface,2025-07-01,0.6978130400180816,0.4594600309763337
19330.0,19440.0,surface,2025-07-01,0.8747958660125734,0.434686632023416
20240.0,20340.0,surface,2025-07-01,0.6508212119340897,0.38579429127275944
22160.0,22230.0,surface,2025-07-01,0.5651147603988648,0.349315950970572
22430.0,22500.0,surface,2025-07-01,0.5075821736827493,0.3146501756359271
22930.0,23010.0,surface,2025-07-01,0.5408462688326836,0.3404858160757512
510.0,590.0,surface,2025-07-01,0.7765529036521912,0.4714856515481693
600.0,670.0,surface,2025-07-01,0.5089540880639106,0.31711854103888926
1940.0,2020.0,surface,2025-07-01,0.5698910355567932,0.35114373518881625
2060.0,2130.0,surface,2025-07-01,0.5508794337511063,0.3367122844318288
2750.0,2850.0,surface,2025-07-01,0.6521570950746536,0.39968548685058275
4170.0,4250.0,surface,2025-07-01,0.6122286498546601,0.3443160647523327
5810.0,5870.0,surface,2025-07-01,0.5052565172314645,0.3444211142195855
6700.0,6790.0,surface,2025-07-01,0.7277305364608766,0.4081645850986712
8330.0,8410.0,surface,2025-07-01,0.5408314168453218,0.3191833559059483
15130.0,15210.0,surface,2025-07-01,0.7491264998912811,0.41290660601258017
15430.0,15530.0,surface,2025-07-01,0.737706719338894,0.45269892410664897
16310.0,16470.0,surface,2025-07-01,0.7935484826564789,0.43313998644889046
16860.0,16940.0,surface,2025-07-01,0.6343982636928558,0.35020139600803507
17740.0,17910.0,surface,2025-07-01,0.8444339931011201,0.42590581145536566
18910.0,19020.0,surface,2025-07-01,0.7316247165203095,0.45733818211604854
19780.0,19860.0,surface,2025-07-01,0.7706452727317811,0.45645852794275726
20510.0,20620.0,surface,2025-07-01,0.8165843725204468,0.5267873763744945
20730.0,20860.0,surface,2025-07-01,0.5109025033190847,0.3297560099235852
21880.0,22000.0,surface,2025-07-01,0.8945909500122071,0.42867306549684986
22040.0,22110.0,surface,2025-07-01,0.503981701284647,0.314857473608572
23370.0,23490.0,surface,2025-07-01,0.516111670434475,0.3167352473695736
23930.0,24050.0,surface,2025-07-01,0.92202605009079,0.4304482895243243
26050.0,26140.0,surface,2025-07-01,0.5159856908023357,0.26162655021107645
26980.0,27200.0,surface,2025-07-01,0.9999971866607666,0.6470027412197485
28520.0,28600.0,surface,2025-07-01,0.5643911972641946,0.31473474439026305
30170.0,30280.0,surface,2025-07-01,0.8067278325557709,0.48056916338459815
30550.0,30650.0,surface,2025-07-01,0.9811512112617493,0.5785721414039885
31350.0,31450.0,surface,2025-07-01,0.5472467314451932,0.3429271271120642
32670.0,32760.0,surface,2025-07-01,0.7678478479385377,0.42619821276151926
33290.0,33380.0,surface,2025-07-01,0.8277173161506652,0.44508866657968615
33570.0,33750.0,surface,2025-07-01,0.6632594764232637,0.33753431725413785
35210.0,35280.0,surface,2025-07-01,0.5899453610181808,0.3715674321524769
36310.0,36390.0,surface,2025-07-01,0.7430229492485524,0.44090836336318817
39760.0,39830.0,surface,2025-07-01,0.503159562998917,0.3145125306377053
42270.0,42400.0,surface,2025-07-01,0.7137205839157105,0.46489163351694257
43670.0,43790.0,surface,2025-07-01,0.6979790747165681,0.4226311086007145
44860.0,44990.0,surface,2025-07-01,0.8980013608932496,0.5875118343273155
46270.0,46380.0,surface,2025-07-01,0.5157660467550158,0.30102246960832674
46890.0,46960.0,surface,2025-07-01,0.55223328769207,0.3473684772165143
50460.0,50710.0,surface,2025-07-01,0.682726913690567,0.39357820980013236
53850.0,53950.0,surface,2025-07-01,0.625524091720581,0.38484509349292984
56290.0,56360.0,surface,2025-07-01,0.6700696186162532,0.40976847604374605
57450.0,57540.0,surface,2025-07-01,0.7733320444822311,0.4161111120413989
58020.0,58130.0,surface,2025-07-01,0.9334317445755005,0.5521338854926096
58700.0,58800.0,surface,2025-07-01,0.5180453494191171,0.3387716919058056
60560.0,60630.0,surface,2025-07-01,0.5667907238006592,0.3727178860680397
60780.0,60840.0,surface,2025-07-01,0.501095711439848,0.34367989273154576
820.0,900.0,surface,2025-07-02,0.5182234220206738,0.3266592274639859
1400.0,1500.0,surface,2025-07-02,0.6188658433035017,0.3376517311758451
1890.0,2010.0,surface,2025-07-02,0.7556211024522782,0.4651276767881708
2450.0,2580.0,surface,2025-07-02,0.995766830444336,0.6098886912378985
3180.0,3270.0,surface,2025-07-02,0.5581250468268991,0.31801511960482454
3740.0,3820.0,surface,2025-07-02,0.7962072551250459,0.44775941482946824
4860.0,4950.0,surface,2025-07-02,0.6432147726416588,0.3593320189096266
6330.0,6400.0,surface,2025-07-02,0.5560538899153471,0.3644755707855538
6430.0,6590.0,surface,2025-07-02,0.8968711018562318,0.5013327679705218
7100.0,7220.0,surface,2025-07-02,0.9893378376960754,0.6037487450477085
7510.0,7580.0,surface,2025-07-02,0.5227573402225972,0.3310463438280522
11530.0,11650.0,surface,2025-07-02,0.6227084463462235,0.3433839443681511
12740.0,12820.0,surface,2025-07-02,0.614565351838246,0.3691817660785293
12830.0,12910.0,surface,2025-07-02,0.7287214607000352,0.43395167431703574
14780.0,14880.0,surface,2025-07-02,0.5876085489988327,0.3594961581910783
16520.0,16620.0,surface,2025-07-02,0.5475184321403503,0.32600586344484656
17130.0,17300.0,surface,2025-07-02,0.7411853194236756,0.45426657471042653
17440.0,17500.0,surface,2025-07-02,0.5023878797888757,0.3494099112188581
17580.0,17690.0,surface,2025-07-02,0.6474420562386513,0.4167824345485618
17950.0,18090.0,surface,2025-07-02,0.6349579736590385,0.31967649762053046
18750.0,18830.0,surface,2025-07-02,0.8735803484916688,0.5260042979466057
18860.0,18930.0,surface,2025-07-02,0.538045608997345,0.36852373209562594
19770.0,19850.0,surface,2025-07-02,0.6192801393568516,0.3769411503414934
22230.0,22310.0,surface,2025-07-02,0.561163866519928,0.3576259970152529
22870.0,23020.0,surface,2025-07-02,0.730885398387909,0.43994334622442466
24600.0,24660.0,surface,2025-07-02,0.6269606709480285,0.4296966251983054
24930.0,25040.0,surface,2025-07-02,0.695052969455719,0.3593972815326803
0.0,70.0,surface,2025-07-02,0.7843779398128391,0.35901118207257243
250.0,370.0,surface,2025-07-02,0.5732051242142916,0.3560612624647967
510.0,690.0,surface,2025-07-02,0.5539518520236015,0.3221604460476944
1710.0,1780.0,surface,2025-07-02,0.5075685147196054,0.31221554970265686
390.0,450.0,surface,2025-07-02,0.538077837228775,0.38665265244864194
1770.0,2030.0,surface,2025-07-02,0.9999591469764709,0.6994029308738255
2180.0,2250.0,surface,2025-07-02,0.5069815576076508,0.32576780106375625
6540.0,6620.0,surface,2025-07-02,0.5601136088371277,0.3358825467766211
7430.0,7510.0,surface,2025-07-02,0.5394959717988969,0.31201063658379813
8120.0,8300.0,surface,2025-07-02,0.7231190443038942,0.41354279885540324
8930.0,9030.0,surface,2025-07-02,0.50529904961586,0.33950348673150244
3570.0,3660.0,surface,2025-07-02,0.9734229564666748,0.5334235060837818
4460.0,4550.0,surface,2025-07-02,0.7889647483825684,0.47892974546222955
5440.0,5550.0,surface,2025-07-02,0.7634477734565736,0.4648843499473881
8950.0,9010.0,surface,2025-07-02,0.5243801467120647,0.36808084957800535
10620.0,10720.0,surface,2025-07-02,0.9704521298408508,0.5739333705697472
12260.0,12340.0,surface,2025-07-02,0.5866988390684128,0.3621338244827005
15990.0,16060.0,surface,2025-07-02,0.6170942146331073,0.3746465441128469
17840.0,17910.0,surface,2025-07-02,0.5293886490166188,0.337237915941023
18870.0,18940.0,surface,2025-07-02,0.5175589893013239,0.32024497611710107
21060.0,21150.0,surface,2025-07-02,0.8792629301548004,0.5225250037831967
22530.0,22650.0,surface,2025-07-02,0.9667592763900758,0.5724715098040178
24390.0,24460.0,surface,2025-07-02,0.6724011421203613,0.42155340304852873
25340.0,25420.0,surface,2025-07-02,0.6937652260065079,0.40450575277463074
26110.0,26210.0,surface,2025-07-02,0.5213794991374017,0.3450120295376771
27630.0,27710.0,surface,2025-07-02,0.6859415590763093,0.38969490258766454
28880.0,29000.0,surface,2025-07-02,0.8860862135887146,0.48140328905400465
29920.0,30040.0,surface,2025-07-02,0.9127361059188843,0.5733195157912493
30190.0,30310.0,surface,2025-07-02,0.5601688221096993,0.382012878648493
32480.0,32550.0,surface,2025-07-02,0.5379345685243607,0.33483055765937025
32840.0,32910.0,surface,2025-07-02,0.6098616778850556,0.36967096328596516
35710.0,35820.0,surface,2025-07-02,0.5111176604405047,0.30136651436259854
38900.0,38990.0,surface,2025-07-02,0.9133609294891358,0.5066055514600338
42070.0,42190.0,surface,2025-07-02,0.7029828816652297,0.4098418302731541
43280.0,43350.0,surface,2025-07-02,0.7004595041275025,0.43845337069042223
43470.0,43540.0,surface,2025-07-02,0.5108235359191895,0.3275710178892467
45260.0,45380.0,surface,2025-07-02,0.8059579968452454,0.4186194619183373
46580.0,46660.0,surface,2025-07-02,0.636236646771431,0.3521543055318499
6570.0,6640.0,surface,2025-07-03,0.5399648696184158,0.33265314868995766
7460.0,7580.0,surface,2025-07-03,0.6911378860473633,0.44713802558734855
7800.0,7870.0,surface,2025-07-03,0.571181657910347,0.3482075577529523
8020.0,8110.0,surface,2025-07-03,0.7020870387554169,0.3724970276943647
8440.0,8520.0,surface,2025-07-03,0.6816316843032838,0.3941802184006924
9040.0,9220.0,surface,2025-07-03,0.9999935150146485,0.6912409543584994
10680.0,10790.0,surface,2025-07-03,0.6641452789306641,0.451271054959481
12210.0,12320.0,surface,2025-07-03,0.6547779262065888,0.3796914410342486
15160.0,15290.0,surface,2025-07-03,0.5888588093221188,0.3469859143562326
15740.0,15860.0,surface,2025-07-03,0.8265837192535401,0.40775448839730977
17490.0,17550.0,surface,2025-07-03,0.5217441368848086,0.3730292315344295
19900.0,20030.0,surface,2025-07-03,0.9728755950927734,0.600207404403123
20650.0,20770.0,surface,2025-07-03,0.8818327546119691,0.4245490188544497
21450.0,21530.0,surface,2025-07-03,0.8451624274253846,0.4709636870849617
24300.0,24450.0,surface,2025-07-03,0.7080259293317794,0.3784733101608026
430.0,570.0,surface,2025-07-03,0.8214605391025543,0.3943166305714932
1210.0,1360.0,surface,2025-07-03,0.5803198337554932,0.3945058402646528
2140.0,2210.0,surface,2025-07-03,0.5817188978195191,0.3745774949337374
4850.0,4970.0,surface,2025-07-03,0.8925899147987366,0.557521519139753
5000.0,5080.0,surface,2025-07-03,0.6747594226151705,0.4446040344919854
5810.0,6000.0,surface,2025-07-03,0.6719458162784576,0.316553663694649
460.0,540.0,surface,2025-07-03,0.6988088525831699,0.40404997068560783
1470.0,1550.0,surface,2025-07-03,0.6484349787235261,0.390132937859087
4570.0,4680.0,surface,2025-07-03,0.7662339568138123,0.3988207887608042
11040.0,11190.0,surface,2025-07-03,0.9261304497718812,0.5106202648292311
11400.0,11550.0,surface,2025-07-03,0.9292948007583619,0.5487743040601345
12380.0,12440.0,surface,2025-07-03,0.533666528761387,0.37836206781423093
12480.0,12560.0,surface,2025-07-03,0.5658221244812012,0.33172136015879616
13220.0,13310.0,surface,2025-07-03,0.5004613997414709,0.25266012584031616
13360.0,13450.0,surface,2025-07-03,0.7185398936271667,0.4163096503481677
13840.0,13940.0,surface,2025-07-03,0.6295788951218129,0.3876246955396544
14100.0,14170.0,surface,2025-07-03,0.591634982638061,0.3638635531730522
14790.0,14910.0,surface,2025-07-03,0.9959314107894898,0.5976691506816398
16270.0,16340.0,surface,2025-07-03,0.5387074291706085,0.3591910510986963
18420.0,18530.0,surface,2025-07-03,0.6847257375717163,0.3453496101371912
24740.0,24890.0,surface,2025-07-03,0.791468796133995,0.4111453913924208
25790.0,25910.0,surface,2025-07-03,0.5354383200407029,0.30887024208629477
26120.0,26240.0,surface,2025-07-03,0.9346717238426209,0.48217837504254507
28320.0,28430.0,surface,2025-07-03,0.6480274125933647,0.3638691352004852
34120.0,34250.0,surface,2025-07-03,0.847037923336029,0.41810526194070086
35610.0,35820.0,surface,2025-07-03,0.9999904870986938,0.5993620354809206
37010.0,37140.0,surface,2025-07-03,0.9986128330230714,0.614821667316083
37190.0,37270.0,surface,2025-07-03,0.8180255770683288,0.48335224962857976
1740.0,1870.0,surface,2025-07-04,0.6903186589479448,0.4197314489920765
2440.0,2510.0,surface,2025-07-04,0.6262144729495048,0.37804320314498907
6990.0,7070.0,surface,2025-07-04,0.7555749654769898,0.41632989156134076
8040.0,8130.0,surface,2025-07-04,0.55756793320179,0.3359281874448062
8670.0,8740.0,surface,2025-07-04,0.6372617840766908,0.4081759237457988
9150.0,9230.0,surface,2025-07-04,0.6049234211444855,0.3723036074390014
9340.0,9410.0,surface,2025-07-04,0.5963422507047653,0.4032367679763411
11490.0,11560.0,surface,2025-07-04,0.6247194228693843,0.391822864295591
12380.0,12440.0,surface,2025-07-04,0.5007426075637341,0.3422568214347069
12870.0,12960.0,surface,2025-07-04,0.6040607631206514,0.3603985999291763
13470.0,13560.0,surface,2025-07-04,0.8052277207374574,0.4425045312620933
18020.0,18090.0,surface,2025-07-04,0.5233930110931397,0.3338333241918264
19020.0,19090.0,surface,2025-07-04,0.5708065927028656,0.3514717972066137
23490.0,23570.0,surface,2025-07-04,0.5611317962408067,0.3089589448307449
23880.0,24000.0,surface,2025-07-04,0.9619511485099792,0.5562198650669516
24660.0,24740.0,surface,2025-07-04,0.6854731354862452,0.38110948735280836
24860.0,24920.0,surface,2025-07-04,0.5082679137587547,0.36390079469087405
160.0,240.0,surface,2025-07-04,0.772639125585556,0.4288702223820817
600.0,680.0,surface,2025-07-04,0.7637681789696217,0.4494269601707048
2550.0,2720.0,surface,2025-07-04,0.9680022597312926,0.6269432257782606
6530.0,6650.0,surface,2025-07-04,0.5917154787108303,0.3679573270202337
8610.0,8680.0,surface,2025-07-04,0.6729770531877877,0.4255538588279706
11520.0,11600.0,surface,2025-07-04,0.5336908400058746,0.3361688915707469
12160.0,12270.0,surface,2025-07-04,0.9371251225471497,0.5442077122789707
13190.0,13270.0,surface,2025-07-04,0.7712822258472444,0.430791419564672
15240.0,15330.0,surface,2025-07-04,0.6735841095447541,0.417412311215885
19770.0,19880.0,surface,2025-07-04,0.5908055495470762,0.3846505146799683
20670.0,20750.0,surface,2025-07-04,0.640797683596611,0.36921936971808056
24790.0,24870.0,surface,2025-07-04,0.5183695629239081,0.2907917623836005
25080.0,25160.0,surface,2025-07-04,0.7870406568050384,0.4355034916365357
27020.0,27210.0,surface,2025-07-04,0.9999970674514771,0.6855235067690294
27750.0,27850.0,surface,2025-07-04,0.5253318965435028,0.31708842500064
28220.0,28360.0,surface,2025-07-04,0.6346143245697022,0.44086157192779185
30740.0,30860.0,surface,2025-07-04,0.8779450178146363,0.5111666676622678
31520.0,31600.0,surface,2025-07-04,0.5988589048385621,0.34543412960871744
33610.0,33720.0,surface,2025-07-04,0.763337016105652,0.48285988367360927
34430.0,34500.0,surface,2025-07-04,0.5389274686574936,0.3555312630309345
37220.0,37290.0,surface,2025-07-04,0.6377738941460849,0.3809387344415671
37870.0,37980.0,surface,2025-07-04,0.500130170607008,0.2788455379458043
38330.0,38430.0,surface,2025-07-04,0.9874238252639771,0.5719833461735768
40890.0,40990.0,surface,2025-07-04,0.9495115637779236,0.5826097792698616
44770.0,44840.0,surface,2025-07-04,0.5183107584714889,0.3224570064874115
48000.0,48080.0,surface,2025-07-04,0.7274698801338673,0.4370637971935746
48150.0,48250.0,surface,2025-07-04,0.6800496036186815,0.3773533280332643
50860.0,50930.0,surface,2025-07-04,0.5123044684529305,0.3297603529037588
51940.0,52110.0,surface,2025-07-04,0.6211426228284836,0.40119347016583906
53410.0,53550.0,surface,2025-07-04,0.9694445729255677,0.6420763765881713
56380.0,56470.0,surface,2025-07-04,0.839564871788025,0.44078794286739137
58880.0,59000.0,surface,2025-07-04,0.592817871645093,0.38786347617991024
59290.0,59370.0,surface,2025-07-04,0.6939065720885993,0.41098311248246727
4440.0,4520.0,surface,2025-07-05,0.621699145436287,0.40563545855539923
5220.0,5340.0,surface,2025-07-05,0.8373490571975708,0.4827967421250945
6610.0,6720.0,surface,2025-07-05,0.9795849680900575,0.5559047500770619
7190.0,7380.0,surface,2025-07-05,0.9863378047943115,0.5985844914948393
7850.0,7940.0,surface,2025-07-05,0.5072637293487787,0.3214288248179947
8310.0,8390.0,surface,2025-07-05,0.667306954227388,0.3975651927188867
9450.0,9520.0,surface,2025-07-05,0.6951906144618989,0.42736985948342865
9690.0,9760.0,surface,2025-07-05,0.6662880957126618,0.41983372302220234
10310.0,10380.0,surface,2025-07-05,0.6864256262779236,0.4237526499375236
11940.0,12030.0,surface,2025-07-05,0.5056934580206871,0.3210292549850419
12890.0,12990.0,surface,2025-07-05,0.6454254399985075,0.3815646935264919
14310.0,14380.0,surface,2025-07-05,0.5440814837813378,0.33856280765776325
15520.0,15620.0,surface,2025-07-05,0.5386614561080934,0.32830475340842075
15950.0,16030.0,surface,2025-07-05,0.5164225906133653,0.3238534490588918
16050.0,16180.0,surface,2025-07-05,0.5707316040992736,0.33326914551412556
16920.0,16990.0,surface,2025-07-05,0.6780280828475953,0.4313945813588362
17220.0,17290.0,surface,2025-07-05,0.5086150935123442,0.3138700628137485
17840.0,17930.0,surface,2025-07-05,0.8589560151100158,0.4832025234407048
18280.0,18390.0,surface,2025-07-05,0.9437956571578979,0.5770792615137356
18500.0,18610.0,surface,2025-07-05,0.9579854011535646,0.6196362123588642
20600.0,20680.0,surface,2025-07-05,0.6231191188097001,0.38148235665737756
21690.0,21820.0,surface,2025-07-05,0.6029683530330658,0.3378684715377584
22220.0,22290.0,surface,2025-07-05,0.5032963156700134,0.3341659901573394
22380.0,22560.0,surface,2025-07-05,0.9277105569839478,0.46207168224071593
22750.0,22830.0,surface,2025-07-05,0.858342045545578,0.5140449376197971
23560.0,23680.0,surface,2025-07-05,0.835405558347702,0.38466661067162017
550.0,640.0,surface,2025-07-05,0.5453355967998504,0.3254568080477839
1980.0,2070.0,surface,2025-07-05,0.7270436823368073,0.44591424119079426
0.0,40.0,surface,2025-07-05,0.744223915040493,0.3961714310734533
1810.0,2010.0,surface,2025-07-05,0.999961531162262,0.6275099299689394
3020.0,3100.0,surface,2025-07-05,0.5649181425571441,0.32022158146105034
9660.0,9740.0,surface,2025-07-05,0.5292716374620796,0.3297910792060874
9760.0,9980.0,surface,2025-07-05,0.6901167541742325,0.3884764345785737
10150.0,10230.0,surface,2025-07-05,0.5828389011323453,0.329124621824283
10380.0,10490.0,surface,2025-07-05,0.5773915037512779,0.35497622093583536
10880.0,10970.0,surface,2025-07-05,0.8574281573295592,0.4399689699348718
11010.0,11100.0,surface,2025-07-05,0.8044250607490541,0.4868560309743043
11150.0,11260.0,surface,2025-07-05,0.8043720364570618,0.5256454014107855
12610.0,12680.0,surface,2025-07-05,0.5354928773827852,0.3307540150209928
13690.0,13770.0,surface,2025-07-05,0.8103701770305634,0.474427053295383
13940.0,14010.0,surface,2025-07-05,0.5136731266975403,0.3134871814408942
15230.0,15310.0,surface,2025-07-05,0.9018193364143372,0.5099300251833888
17060.0,17140.0,surface,2025-07-05,0.6379432782530785,0.3805082772305175
17530.0,17610.0,surface,2025-07-05,0.8756034672260284,0.5094065618125669
18070.0,18160.0,surface,2025-07-05,0.8561844110488892,0.48486873972962713
20150.0,20260.0,surface,2025-07-05,0.9693176269531251,0.5645773291982702
22780.0,22950.0,surface,2025-07-05,0.9891200184822082,0.525083727452208
24290.0,24360.0,surface,2025-07-05,0.5539036191999912,0.3512525390884426
27980.0,28110.0,surface,2025-07-05,0.9847531318664552,0.571153837349266
29510.0,29600.0,surface,2025-07-05,0.7638003706932069,0.4212437965604667
31520.0,31600.0,surface,2025-07-05,0.678673768043518,0.38064062501935547
31930.0,32010.0,surface,2025-07-05,0.7558567196130752,0.41867847840205485
32710.0,32830.0,surface,2025-07-05,0.9432814240455629,0.5175312218327935
33070.0,33140.0,surface,2025-07-05,0.5192093409597874,0.3286510652022344
36100.0,36220.0,surface,2025-07-05,0.8164769768714906,0.48942664501656263
36540.0,36640.0,surface,2025-07-05,0.7684623241424561,0.43805900095467015
40190.0,40350.0,surface,2025-07-05,0.876861822605133,0.41985755660092205
41220.0,41300.0,surface,2025-07-05,0.6076690658926963,0.40222384180977117
41640.0,41730.0,surface,2025-07-05,0.8251638889312745,0.4576783076194261
41790.0,41870.0,surface,2025-07-05,0.5598241942585447,0.3423836984328874
43010.0,43080.0,surface,2025-07-05,0.5273566961288453,0.3255702983080483
43720.0,43920.0,surface,2025-07-05,0.7860189750790597,0.3953784912013449
44400.0,44510.0,surface,2025-07-05,0.510889238724485,0.3090405632163065
45210.0,45280.0,surface,2025-07-05,0.7117136627435685,0.4441406571491723
45960.0,46050.0,surface,2025-07-05,0.7962296664714813,0.41411357206758115
48350.0,48420.0,surface,2025-07-05,0.600334894657135,0.3903922964969484
49780.0,49870.0,surface,2025-07-05,0.6339046478271485,0.3922069183896565
52420.0,52540.0,surface,2025-07-05,0.9218257784843444,0.4877019818209541
56990.0,57110.0,surface,2025-07-05,0.5087453846703284,0.30415878424599463
57160.0,57350.0,surface,2025-07-05,0.6790527403354645,0.3426568609133756
10.0,130.0,surface,2025-07-06,0.9115847110748292,0.5363154578680853
2300.0,2370.0,surface,2025-07-06,0.5909027849149425,0.36966609648775656
3700.0,3770.0,surface,2025-07-06,0.5157940413802863,0.33140987844381015
4390.0,4490.0,surface,2025-07-06,0.5897034364752471,0.3567243467209416
5070.0,5160.0,surface,2025-07-06,0.5371257733553648,0.2988300273788627
5440.0,5530.0,surface,2025-07-06,0.6033109590411186,0.33376236995100045
7910.0,8100.0,surface,2025-07-06,0.7946865260601045,0.44161007008631714
9010.0,9250.0,surface,2025-07-06,0.9999520897865296,0.6128035270994042
9660.0,9740.0,surface,2025-07-06,0.6229547709226608,0.3840314187804729
10630.0,10780.0,surface,2025-07-06,0.5021073460578919,0.3568356270920452
11550.0,11670.0,surface,2025-07-06,0.5059818424284458,0.3414682894706718
12060.0,12190.0,surface,2025-07-06,0.6422701939940454,0.3706206958817737
12330.0,12400.0,surface,2025-07-06,0.6127468243241311,0.38242167685643913
15420.0,15480.0,surface,2025-07-06,0.5403493195772172,0.3706635047865217
16580.0,16660.0,surface,2025-07-06,0.5205211281776428,0.3205309998888821
16690.0,16840.0,surface,2025-07-06,0.9711989521980287,0.5240541826579286
17410.0,17610.0,surface,2025-07-06,0.9990272402763367,0.5610064541010485
19740.0,19810.0,surface,2025-07-06,0.5410951364785433,0.3427411389750809
20790.0,20910.0,surface,2025-07-06,0.8639480948448182,0.4108452889993574
21400.0,21500.0,surface,2025-07-06,0.609101252257824,0.3913943502329692
21770.0,21950.0,surface,2025-07-06,0.6179109036922454,0.2974341181248556
1570.0,1680.0,surface,2025-07-06,0.6021625161170959,0.3393900012493542
2350.0,2460.0,surface,2025-07-06,0.9608533024787904,0.5726143302526213
3050.0,3150.0,surface,2025-07-06,0.7796332478523255,0.43321596688209957
3350.0,3470.0,surface,2025-07-06,0.9895042181015016,0.5979927187931585
3570.0,3640.0,surface,2025-07-06,0.5400592684745789,0.3348558030680693
4990.0,5070.0,surface,2025-07-06,0.752594642341137,0.4223728164205105
5850.0,5950.0,surface,2025-07-06,0.6875144660472869,0.3915344151546085
8740.0,8820.0,surface,2025-07-06,0.5946605861186982,0.36881035938215756
9420.0,9500.0,surface,2025-07-06,0.6648143708705903,0.4247332109164644
10290.0,10360.0,surface,2025-07-06,0.5416433542966843,0.34766281693449486
10450.0,10680.0,surface,2025-07-06,0.9996032595634461,0.6109826097162075
2510.0,2580.0,surface,2025-07-06,0.5214527294039727,0.3226687069389754
3180.0,3250.0,surface,2025-07-06,0.6623771011829376,0.4105921473389543
3990.0,4070.0,surface,2025-07-06,0.6121381998062134,0.34392097795724924
4690.0,4770.0,surface,2025-07-06,0.5494889125227929,0.32031518946528703
5020.0,5130.0,surface,2025-07-06,0.9175589442253114,0.5267712820358914
5580.0,5690.0,surface,2025-07-06,0.8773937225341797,0.4400945797999157
9000.0,9070.0,surface,2025-07-06,0.5232476696372033,0.3537740435197975
9180.0,9250.0,surface,2025-07-06,0.5161126099526883,0.32408602011171306
11620.0,11690.0,surface,2025-07-06,0.6224476216360928,0.3941990958778661
12850.0,12980.0,surface,2025-07-06,0.5490009092027321,0.3647263458655471
14180.0,14290.0,surface,2025-07-06,0.9221432328224183,0.5651980592355056
15370.0,15490.0,surface,2025-07-06,0.998323404788971,0.6132846863593071
16470.0,16590.0,surface,2025-07-06,0.5771836668252945,0.3235570209006706
18110.0,18280.0,surface,2025-07-06,0.8653719663619994,0.5191000590752095
18360.0,18470.0,surface,2025-07-06,0.8531968593597413,0.46537480081278776
18510.0,18590.0,surface,2025-07-06,0.6414639711380006,0.38425194616882236
18620.0,18710.0,surface,2025-07-06,0.5396948099136352,0.32334217182924474
19410.0,19500.0,surface,2025-07-06,0.5406128436326981,0.32005355318964573
19910.0,20050.0,surface,2025-07-06,0.9766653537750245,0.6065692201567193
24840.0,24910.0,surface,2025-07-06,0.6507895469665528,0.3952324563044954
25430.0,25510.0,surface,2025-07-06,0.7927991032600403,0.4615008916266763
29020.0,29090.0,surface,2025-07-06,0.5915291490033269,0.35631465960545505
29540.0,29640.0,surface,2025-07-06,0.868239200115204,0.49896598644187207
30260.0,30410.0,surface,2025-07-06,0.6754844471812249,0.35650775672792184
31830.0,31910.0,surface,2025-07-06,0.7254151120781899,0.4102152171390926
34660.0,34740.0,surface,2025-07-06,0.7875747084617615,0.4599079511020089
35220.0,35300.0,surface,2025-07-06,0.7122122406959535,0.39798634221040174
37130.0,37290.0,surface,2025-07-06,0.9999978780746459,0.6909503290534998
38980.0,39080.0,surface,2025-07-06,0.5937448963522911,0.34881792547213003
39480.0,39540.0,surface,2025-07-06,0.5620909512042999,0.3743613246936418
39890.0,39970.0,surface,2025-07-06,0.7700028955936432,0.4306608306732486
40870.0,40940.0,surface,2025-07-06,0.5660401925444604,0.35445933593635764
41670.0,41750.0,surface,2025-07-06,0.8370127201080322,0.476927737842956
42830.0,42900.0,surface,2025-07-06,0.6367096543312074,0.3987739462419996
44030.0,44130.0,surface,2025-07-06,0.7191685378551483,0.41812489687189647
45040.0,45130.0,surface,2025-07-06,0.821813428401947,0.4123516503762321
46150.0,46250.0,surface,2025-07-06,0.6942908629775048,0.4671356979129831
46660.0,46740.0,surface,2025-07-06,0.7880845546722413,0.44860962089119
2290.0,2350.0,surface,2025-07-07,0.5181705713272096,0.35950528529289033
2520.0,2610.0,surface,2025-07-07,0.5810681581497193,0.35621187221287987
3190.0,3300.0,surface,2025-07-07,0.589667883515358,0.34292737291437164
5190.0,5280.0,surface,2025-07-07,0.7053126692771913,0.43006047374568884
5990.0,6090.0,surface,2025-07-07,0.921439576148987,0.5086100900482874
7310.0,7380.0,surface,2025-07-07,0.5189143180847169,0.35322358557023115
12540.0,12670.0,surface,2025-07-07,0.8164963126182557,0.450619936770506
13110.0,13190.0,surface,2025-07-07,0.8757223963737489,0.4825459844247143
14440.0,14560.0,surface,2025-07-07,0.8506205439567567,0.4437442959286273
15620.0,15680.0,surface,2025-07-07,0.6491802995093168,0.4476630638893767
18010.0,18090.0,surface,2025-07-07,0.7610925942659378,0.4221129024216983
19980.0,20090.0,surface,2025-07-07,0.9976602077484131,0.6430548118349786
23090.0,23150.0,surface,2025-07-07,0.533322589317686,0.34297629953196024
23400.0,23480.0,surface,2025-07-07,0.589613065123558,0.3637151512605164
24360.0,24450.0,surface,2025-07-07,0.769325315952301,0.4494563314307016
24730.0,24820.0,surface,2025-07-07,0.5025018014013767,0.2570002319501635
60.0,140.0,surface,2025-07-07,0.7837998509407044,0.44793231264641165
620.0,820.0,surface,2025-07-07,0.9091429114341737,0.45547409114208987
1200.0,1280.0,surface,2025-07-07,0.7423852860927582,0.4236990663479244
2920.0,3050.0,surface,2025-07-07,0.5798732665367424,0.34333411031236344
10690.0,10830.0,surface,2025-07-07,0.5698179423809051,0.37264524746569805
11150.0,11210.0,surface,2025-07-07,0.5479403093457222,0.39199124611165775
12950.0,13010.0,surface,2025-07-07,0.564562314003706,0.3844457244110052
14890.0,14980.0,surface,2025-07-07,0.5930814199149609,0.31309048998395606
17550.0,17700.0,surface,2025-07-07,0.8203676104545594,0.5257274399406014
18090.0,18210.0,surface,2025-07-07,0.6237777888774871,0.35232148550164233
19950.0,20060.0,surface,2025-07-07,0.6626957412809134,0.3687563670362579
22090.0,22210.0,surface,2025-07-07,0.5481261923909188,0.3438157397626828
23550.0,23620.0,surface,2025-07-07,0.5714305996894836,0.3596190144201046
24330.0,24490.0,surface,2025-07-07,0.9145234107971192,0.4125721221183352
24510.0,24590.0,surface,2025-07-07,0.5659026067703963,0.3264592098253689
25420.0,25530.0,surface,2025-07-07,0.5947660803794861,0.3320552989304511
27030.0,27280.0,surface,2025-07-07,0.9999778509140016,0.6623507686160581
27770.0,27840.0,surface,2025-07-07,0.5576301366090775,0.36120262081651955
29490.0,29570.0,surface,2025-07-07,0.5413163374178112,0.3462630998329625
30460.0,30540.0,surface,2025-07-07,0.7749623894691469,0.43155310808437347
30720.0,30790.0,surface,2025-07-07,0.544829024374485,0.3502816787652591
31340.0,31410.0,surface,2025-07-07,0.5597544476389885,0.348654549024559
33800.0,33920.0,surface,2025-07-07,0.6424383557401598,0.32411271787216095
34890.0,34970.0,surface,2025-07-07,0.8219685494899751,0.46673241209968275
39080.0,39160.0,surface,2025-07-07,0.5207873493433,0.3130928818036115
41210.0,41280.0,surface,2025-07-07,0.5742672711610795,0.3603234480171523
43150.0,43220.0,surface,2025-07-07,0.5397484657354653,0.3649259060792408
44330.0,44450.0,surface,2025-07-07,0.8268402695655823,0.3872387124097958
45590.0,45670.0,surface,2025-07-07,0.7736680805683136,0.455194641232021
45800.0,45870.0,surface,2025-07-07,0.5092929393053055,0.3651570104339044
46220.0,46310.0,surface,2025-07-07,0.7411772534251213,0.43659513048740334
46960.0,47030.0,surface,2025-07-07,0.5118555046617985,0.3437069564631202
49790.0,49870.0,surface,2025-07-07,0.8661953091621399,0.5203872363625528
52990.0,53090.0,surface,2025-07-07,0.8439698219299318,0.46567684276986
53840.0,53990.0,surface,2025-07-07,0.7142548322677613,0.3444431433963473
54070.0,54140.0,surface,2025-07-07,0.5000975511968135,0.346545001716413
54420.0,54540.0,surface,2025-07-07,0.5709990680217742,0.3443387003139763
55250.0,55320.0,surface,2025-07-07,0.5336968153715135,0.33335528326076375
55820.0,55940.0,surface,2025-07-07,0.5086528569459915,0.3386451059216947
58550.0,58650.0,surface,2025-07-07,0.7124437808990479,0.43538336210714823
2350.0,2410.0,surface,2025-07-08,0.5486416909843683,0.37938404801709896
2580.0,2680.0,surface,2025-07-08,0.512629027478397,0.3262577272889427
3580.0,3720.0,surface,2025-07-08,0.5542374894022942,0.3183684595480736
3770.0,3900.0,surface,2025-07-08,0.8616415739059449,0.537398652914895
5010.0,5080.0,surface,2025-07-08,0.50895737670362,0.31055387547312424
5700.0,5880.0,surface,2025-07-08,0.9961994290351869,0.5080076833996023
6560.0,6680.0,surface,2025-07-08,0.9699103474617006,0.6070167965156796
7020.0,7080.0,surface,2025-07-08,0.5088896524161101,0.3597832264886424
8860.0,8960.0,surface,2025-07-08,0.9766317248344423,0.5804025792655673
9330.0,9410.0,surface,2025-07-08,0.6433987617492676,0.41253926195721663
10810.0,10900.0,surface,2025-07-08,0.7097395196557045,0.41422343551634644
11060.0,11130.0,surface,2025-07-08,0.5767991781234741,0.3647312803005661
11510.0,11590.0,surface,2025-07-08,0.5124177169054747,0.29843125766233747
11650.0,11730.0,surface,2025-07-08,0.5316210836172104,0.2996358188028745
11930.0,11990.0,surface,2025-07-08,0.5108326278626919,0.3526227261736624
13450.0,13520.0,surface,2025-07-08,0.5435058355331421,0.3537272703360941
13630.0,13730.0,surface,2025-07-08,0.9640428423881531,0.5553783075287027
14400.0,14480.0,surface,2025-07-08,0.6463672442361713,0.3718213170928519
14830.0,14930.0,surface,2025-07-08,0.6102989941835404,0.44945910897434016
15350.0,15470.0,surface,2025-07-08,0.9924319028854371,0.5412146339909388
16710.0,16790.0,surface,2025-07-08,0.7006138443946839,0.4586480495209495
17330.0,17410.0,surface,2025-07-08,0.797844386100769,0.45261915759328986
17550.0,17640.0,surface,2025-07-08,0.9236533284187318,0.46709557163005233
17980.0,18100.0,surface,2025-07-08,0.9146954178810119,0.5089765612979766
18410.0,18490.0,surface,2025-07-08,0.6443902432918549,0.36650575931487567
19390.0,19480.0,surface,2025-07-08,0.9131722450256349,0.4898940946975096
20900.0,20980.0,surface,2025-07-08,0.6823519051074982,0.4165497134944114
24110.0,24230.0,surface,2025-07-08,0.9402957320213319,0.5383615326686525
24420.0,24560.0,surface,2025-07-08,0.8415551722049714,0.4457945746786816
690.0,760.0,surface,2025-07-08,0.5079199939966201,0.31322202957162515
1290.0,1410.0,surface,2025-07-08,0.9909228682518006,0.5703514562002966
1860.0,1950.0,surface,2025-07-08,0.9067157626152038,0.5091728762137063
2580.0,2680.0,surface,2025-07-08,0.7213755071163177,0.38652868142949454
3220.0,3300.0,surface,2025-07-08,0.5199795931577683,0.3436625717230022
1750.0,1900.0,surface,2025-07-08,0.9999791860580445,0.6667006506701
2110.0,2220.0,surface,2025-07-08,0.9570764899253845,0.6003683581930541
3530.0,3640.0,surface,2025-07-08,0.979239284992218,0.49125459693993134
7590.0,7720.0,surface,2025-07-08,0.8252831459045411,0.46792923654263313
12580.0,12650.0,surface,2025-07-08,0.5102335035800933,0.3212863661876611
23470.0,23530.0,surface,2025-07-08,0.5063496798276902,0.35013313719231215
23910.0,24010.0,surface,2025-07-08,0.6089670360088348,0.34120205110305
26260.0,26350.0,surface,2025-07-08,0.7472351193428041,0.43419392693933334
34740.0,34820.0,surface,2025-07-08,0.6035986006259919,0.37474488421349744
40960.0,41020.0,surface,2025-07-08,0.5366199642419816,0.3669695872583231
750.0,830.0,surface,2025-07-08,0.7024150907993317,0.3820746342809192
2190.0,2300.0,surface,2025-07-08,0.6217571917921304,0.3451012836245317
4020.0,4110.0,surface,2025-07-08,0.5968090762384236,0.3561531786703563
5470.0,5550.0,surface,2025-07-08,0.5677078515291214,0.34064452710946275
5610.0,5680.0,surface,2025-07-08,0.6437640301883221,0.41553647258988347
7830.0,7900.0,surface,2025-07-08,0.6017583533655853,0.3762040370081536
2790.0,2910.0,surface,2025-07-09,0.5862495124340057,0.3596866499184496
2980.0,3040.0,surface,2025-07-09,0.6017381577054038,0.41319063677233975
3990.0,4060.0,surface,2025-07-09,0.5329179439693689,0.3334645711545454
5780.0,5930.0,surface,2025-07-09,0.7151144593954086,0.44024026024703744
8110.0,8190.0,surface,2025-07-09,0.5062319025397302,0.3024352855377199
9050.0,9230.0,surface,2025-07-09,0.9999933481216432,0.6895562976105698
10630.0,10770.0,surface,2025-07-09,0.5873562127351761,0.314288457130051
14650.0,14730.0,surface,2025-07-09,0.6614050120115281,0.3775982138688253
15900.0,16100.0,surface,2025-07-09,0.926167917251587,0.47599865260845853
19230.0,19340.0,surface,2025-07-09,0.9950884938240052,0.5972646269200294
20140.0,20250.0,surface,2025-07-09,0.8222224056720735,0.4095543577785172
21690.0,21760.0,surface,2025-07-09,0.5030188526958227,0.30531214213534
2100.0,2180.0,surface,2025-07-09,0.745298450998962,0.416783638275471
2430.0,2520.0,surface,2025-07-09,0.5346958355978131,0.3045843530249859
4620.0,4690.0,surface,2025-07-09,0.5675519645214081,0.35719248013192556
5400.0,5470.0,surface,2025-07-09,0.5373559385538101,0.33345980191998026
6600.0,6690.0,surface,2025-07-09,0.7170461773872376,0.37180236453474214
14420.0,14500.0,surface,2025-07-09,0.7732661932706832,0.4275167395060635
15300.0,15440.0,surface,2025-07-09,0.6635408461093902,0.38860747180840316
15580.0,15660.0,surface,2025-07-09,0.7269719630479813,0.4098648183482409
16070.0,16170.0,surface,2025-07-09,0.9726467728614807,0.52730963268059
17790.0,17970.0,surface,2025-07-09,0.9293405890464783,0.46975604246341673
19090.0,19170.0,surface,2025-07-09,0.7711461663246155,0.46372866729957973
19180.0,19300.0,surface,2025-07-09,0.5298897236585618,0.2773137290465951
23150.0,23220.0,surface,2025-07-09,0.6296765863895416,0.38914498367592
23800.0,23890.0,surface,2025-07-09,0.9686731815338135,0.49277424974603495
27320.0,27400.0,surface,2025-07-09,0.5784430742263794,0.33804511737123705
28080.0,28190.0,surface,2025-07-09,0.7086785271763802,0.37802507422643244
30970.0,31080.0,surface,2025-07-09,0.8356182098388673,0.5206545834088757
33520.0,33640.0,surface,2025-07-09,0.8198561728000641,0.4693097937798415
33820.0,33900.0,surface,2025-07-09,0.6015202909708023,0.335815310320403
34710.0,34830.0,surface,2025-07-09,0.8596629023551942,0.43840489616753153
35390.0,35460.0,surface,2025-07-09,0.6884433805942536,0.4320301276293322
36730.0,36800.0,surface,2025-07-09,0.6198703110218049,0.3948217129589608
38890.0,38990.0,surface,2025-07-09,0.7988166093826294,0.49050196832835036
41480.0,41560.0,surface,2025-07-09,0.7552023679018021,0.42713392517090853
41620.0,41710.0,surface,2025-07-09,0.6162400364875794,0.363589530189638
880.0,950.0,surface,2025-07-09,0.5505336191505195,0.3748491460704827
1280.0,1360.0,surface,2025-07-09,0.6835549026727678,0.3841835485658117
3950.0,4040.0,surface,2025-07-09,0.8565197825431824,0.43189006461650337
4050.0,4120.0,surface,2025-07-09,0.5180433556437493,0.3255670888305292
4310.0,4400.0,surface,2025-07-09,0.5199811290949583,0.29972059571508003
6480.0,6550.0,surface,2025-07-09,0.6146789647638798,0.3712035456018555
6760.0,6970.0,surface,2025-07-09,0.9999982595443726,0.7470993504761613
10450.0,10550.0,surface,2025-07-09,0.559565669298172,0.33191134525179883
10680.0,10780.0,surface,2025-07-09,0.9550428748130799,0.5662079045943259
13220.0,13310.0,surface,2025-07-09,0.9399343132972717,0.5301965292336536
14680.0,14750.0,surface,2025-07-09,0.5869682013988495,0.3607519970863621
14890.0,14990.0,surface,2025-07-09,0.9998282313346862,0.612029042151078
16120.0,16210.0,surface,2025-07-09,0.6015156969428064,0.32809576909802673
16690.0,16830.0,surface,2025-07-09,0.5625083692371846,0.3903184452173931
18930.0,19010.0,surface,2025-07-09,0.7896445631980897,0.48567436885358706
310.0,430.0,surface,2025-07-10,0.5500287290662527,0.2734188336020662
2270.0,2360.0,surface,2025-07-10,0.8691208600997925,0.5047723922209116
3280.0,3360.0,surface,2025-07-10,0.5579477608203889,0.35249880495248365
6610.0,6710.0,surface,2025-07-10,0.9505956768989564,0.5154294802420984
7630.0,7730.0,surface,2025-07-10,0.7634008646011352,0.4215074293323679
8550.0,8640.0,surface,2025-07-10,0.5245693512260914,0.3032081882076454
8770.0,8940.0,surface,2025-07-10,0.6748423457145691,0.4245115839830558
9240.0,9360.0,surface,2025-07-10,0.9535240888595581,0.5923295009379776
10110.0,10260.0,surface,2025-07-10,0.9938015699386596,0.45910402003861894
10390.0,10470.0,surface,2025-07-10,0.5006249399855733,0.27437134581446626
11420.0,11500.0,surface,2025-07-10,0.5829528361558914,0.3674784974130388
12120.0,12210.0,surface,2025-07-10,0.981056320667267,0.5237154120490687
13760.0,13840.0,surface,2025-07-10,0.7682193443179132,0.43647442586015034
14390.0,14480.0,surface,2025-07-10,0.693693220615387,0.37968054100383597
15610.0,15670.0,surface,2025-07-10,0.5125606119632721,0.3463869317513724
15780.0,15920.0,surface,2025-07-10,0.5852922782301903,0.3748455948836273
16410.0,16540.0,surface,2025-07-10,0.796723335981369,0.40287573191024934
17610.0,17760.0,surface,2025-07-10,0.8766285419464113,0.4093071741198656
19740.0,19810.0,surface,2025-07-10,0.5987715255469084,0.37541055184701694
21760.0,21840.0,surface,2025-07-10,0.6578266650438309,0.40397635282263056
23710.0,23820.0,surface,2025-07-10,0.748375803232193,0.37336557172025103
1060.0,1170.0,surface,2025-07-10,0.5644163042306901,0.3396286146773458
2030.0,2110.0,surface,2025-07-10,0.609917974472046,0.359787201513695
3080.0,3160.0,surface,2025-07-10,0.8405529499053955,0.47318049649410604
4640.0,4720.0,surface,2025-07-10,0.5432286381721496,0.31950540467446953
5450.0,5580.0,surface,2025-07-10,0.9281221270561218,0.5070990535031472
6890.0,6960.0,surface,2025-07-10,0.5862749420106411,0.36462515663442907
7790.0,7880.0,surface,2025-07-10,0.6842235090443866,0.388530672119232
2170.0,2240.0,surface,2025-07-10,0.6788187742233277,0.43217128259757376
1920.0,2010.0,surface,2025-07-10,0.5285998191448016,0.2825812332853477
2550.0,2630.0,surface,2025-07-10,0.7654074221849443,0.47390245135433773
4670.0,4770.0,surface,2025-07-10,0.6787069320678711,0.3958609514954416
6950.0,7030.0,surface,2025-07-10,0.6683651227504015,0.37916315839781123
8260.0,8430.0,surface,2025-07-10,0.9696224212646485,0.542566443328307
8600.0,8680.0,surface,2025-07-10,0.5992395639419557,0.3553297789043023
10280.0,10380.0,surface,2025-07-10,0.7940225303173065,0.47307188611105383
14300.0,14460.0,surface,2025-07-10,0.9999974012374879,0.6963260004272503
17710.0,17790.0,surface,2025-07-10,0.5978206560015679,0.3508536052913112
19450.0,19600.0,surface,2025-07-10,0.786069029569626,0.5078567347233048
21610.0,21720.0,surface,2025-07-10,0.761420774459839,0.4094250801154431
23710.0,23790.0,surface,2025-07-10,0.6580571249127388,0.4149110265666726
26150.0,26230.0,surface,2025-07-10,0.6423499986529351,0.3905543706991012
27520.0,27830.0,surface,2025-07-10,0.8691376209259033,0.5137868528913891
29110.0,29190.0,surface,2025-07-10,0.6017051624134184,0.34434144499395597
30280.0,30350.0,surface,2025-07-10,0.6275428503751755,0.3824145374346699
31840.0,31910.0,surface,2025-07-10,0.5797423288226128,0.37120107533481395
32060.0,32230.0,surface,2025-07-10,0.768855430558324,0.422236317019997
32870.0,32970.0,surface,2025-07-10,0.8086697459220886,0.48614437375101094
33700.0,33900.0,surface,2025-07-10,0.833124715089798,0.4620942447855594
34510.0,34600.0,surface,2025-07-10,0.7223391184583308,0.38257931085220664
34690.0,34800.0,surface,2025-07-10,0.7123391807079316,0.3618244390415688
35060.0,35140.0,surface,2025-07-10,0.7145350933074951,0.39830782256265385
35230.0,35320.0,surface,2025-07-10,0.6069371402263641,0.3914807920128624
35780.0,35850.0,surface,2025-07-10,0.6871826171875,0.4229381059460139
37000.0,37080.0,surface,2025-07-10,0.725618988275528,0.4449078401602391
37420.0,37560.0,surface,2025-07-10,0.5130454849451781,0.27535825371771605
37860.0,37960.0,surface,2025-07-10,0.5144142091274261,0.33077623777895826
39500.0,39570.0,surface,2025-07-10,0.695309191942215,0.4240339063559077
42190.0,42370.0,surface,2025-07-10,0.9875979900360108,0.5998112663234105
45720.0,45820.0,surface,2025-07-10,0.7671203270554543,0.45622002670825845
46840.0,46920.0,surface,2025-07-10,0.5975997794419527,0.34945698687766297
47990.0,48100.0,surface,2025-07-10,0.5631388574838638,0.3087301715081689
1460.0,1540.0,surface,2025-07-11,0.5340127456351184,0.31778343131403136
6500.0,6700.0,surface,2025-07-11,0.7197166681289674,0.42233675166277135
10210.0,10300.0,surface,2025-07-11,0.7512610286474228,0.4317483887675918
10490.0,10580.0,surface,2025-07-11,0.5649510115385055,0.2898478654052951
15670.0,15740.0,surface,2025-07-11,0.6370203703641891,0.3896859250816371
16350.0,16420.0,surface,2025-07-11,0.5542441941797733,0.36901455953156564
16490.0,16570.0,surface,2025-07-11,0.5711488544940948,0.33108224224438476
17310.0,17420.0,surface,2025-07-11,0.9519380927085878,0.6239996242489724
18130.0,18250.0,surface,2025-07-11,0.7800148665905,0.4901057090701636
19950.0,20060.0,surface,2025-07-11,0.7397032260894776,0.43379715822074955
21420.0,21530.0,surface,2025-07-11,0.8949182629585267,0.5377456461422999
21580.0,21660.0,surface,2025-07-11,0.6436232656240463,0.35820636238167936
23220.0,23380.0,surface,2025-07-11,0.9119209527969361,0.5115479751357896
390.0,470.0,surface,2025-07-11,0.7972184628248216,0.45962520307382676
1000.0,1080.0,surface,2025-07-11,0.81550270318985,0.4645742080161452
1960.0,2030.0,surface,2025-07-11,0.6655404925346374,0.40773898730940816
2330.0,2400.0,surface,2025-07-11,0.535864745080471,0.3519626781014987
2990.0,3070.0,surface,2025-07-11,0.530139308795333,0.3232982845925209
0.0,40.0,surface,2025-07-11,0.5482794582843781,0.3259892396201705
1820.0,2020.0,surface,2025-07-11,0.9997929453849792,0.727620343848858
8510.0,8610.0,surface,2025-07-11,0.9064229249954225,0.5320248448337958
10350.0,10460.0,surface,2025-07-11,0.8228769928216934,0.4727199691335651
13090.0,13160.0,surface,2025-07-11,0.5409518327098339,0.3331234471374046
16430.0,16510.0,surface,2025-07-11,0.675475636124611,0.3808399929429369
17260.0,17330.0,surface,2025-07-11,0.5446625649929047,0.3475795829115669
17820.0,17930.0,surface,2025-07-11,0.7090569734573365,0.4210797952478289
18050.0,18120.0,surface,2025-07-11,0.5104793399572373,0.3532321820258403
22490.0,22600.0,surface,2025-07-11,0.5722686275839806,0.38554711373003175
23850.0,23920.0,surface,2025-07-11,0.5197838626801968,0.33821078066685006
24800.0,24890.0,surface,2025-07-11,0.693924641609192,0.42677833524858666
26040.0,26140.0,surface,2025-07-11,0.9480642318725587,0.5106984434064183
27000.0,27100.0,surface,2025-07-11,0.736863934993744,0.4224094209682397
28080.0,28180.0,surface,2025-07-11,0.9981767416000367,0.5735670811539836
29580.0,29670.0,surface,2025-07-11,0.8403369486331941,0.4601455870243445
32260.0,32400.0,surface,2025-07-11,0.5925137519836426,0.39987445858873283
33150.0,33230.0,surface,2025-07-11,0.7401363916695118,0.41585523394074875
37770.0,37850.0,surface,2025-07-11,0.5244594707735813,0.30176492872754657
39510.0,39600.0,surface,2025-07-11,0.5303810216486454,0.324201802413445
40300.0,40400.0,surface,2025-07-11,0.5969655811786653,0.33751297948302345
40880.0,40990.0,surface,2025-07-11,0.6838490784168244,0.40987072750420067
45210.0,45280.0,surface,2025-07-11,0.6946130700409412,0.4227511762118411
48860.0,48960.0,surface,2025-07-11,0.621037980914116,0.3718466424137164
50760.0,50910.0,surface,2025-07-11,0.679102185368538,0.33487712430737704
52060.0,52160.0,surface,2025-07-11,0.7426689803600312,0.4313717064300741
53070.0,53270.0,surface,2025-07-11,0.6516796946525575,0.34328021237694584
54720.0,54810.0,surface,2025-07-11,0.9270824909210206,0.5266097032171158
55130.0,55270.0,surface,2025-07-11,0.707538515329361,0.34073913106829423
56360.0,56450.0,surface,2025-07-11,0.9503157138824463,0.48118610654390065
57230.0,57300.0,surface,2025-07-11,0.6287380754900369,0.3847510892430559
0.0,60.0,surface,2025-07-12,0.8245380640029908,0.46122416945023914
140.0,220.0,surface,2025-07-12,0.6182159760035575,0.35044747165391327
830.0,910.0,surface,2025-07-12,0.5454430813901127,0.30324917018875164
1340.0,1450.0,surface,2025-07-12,0.6910019934177399,0.4052016128543401
1970.0,2050.0,surface,2025-07-12,0.6122076399624348,0.3627466217599047
2660.0,2750.0,surface,2025-07-12,0.8541246652603149,0.4570479425322265
2880.0,3000.0,surface,2025-07-12,0.7801833629608155,0.4031908755525365
3110.0,3310.0,surface,2025-07-12,0.9902955293655396,0.6483988706477076
3730.0,3820.0,surface,2025-07-12,0.642627650499344,0.3914195844449569
3990.0,4070.0,surface,2025-07-12,0.6515311598777771,0.37842561408049535
6090.0,6160.0,surface,2025-07-12,0.5111193194985391,0.3241954698276459
6240.0,6400.0,surface,2025-07-12,0.9644824504852295,0.5202390295768377
7150.0,7240.0,surface,2025-07-12,0.6829457998275756,0.4015864545991644
7620.0,7710.0,surface,2025-07-12,0.5012853579595686,0.27471278952027206
9050.0,9270.0,surface,2025-07-12,0.9999985694885253,0.6261315182800636
9360.0,9470.0,surface,2025-07-12,0.9997998476028445,0.6186331369785422
9540.0,9620.0,surface,2025-07-12,0.728539538383484,0.4259643911431097
10510.0,10610.0,surface,2025-07-12,0.5182384129613637,0.3045337949038103
10700.0,10820.0,surface,2025-07-12,0.9694417715072632,0.5884065790263023
12100.0,12190.0,surface,2025-07-12,0.6570292100310327,0.4135058193444275
13130.0,13230.0,surface,2025-07-12,0.6680777072906495,0.40601701973805154
15400.0,15490.0,surface,2025-07-12,0.8338308334350586,0.450896547331331
17570.0,17640.0,surface,2025-07-12,0.5805018882267178,0.36896063734147905
20320.0,20490.0,surface,2025-07-12,0.7810889005661013,0.48012327635357227
21030.0,21110.0,surface,2025-07-12,0.7154890716075898,0.4390705823144748
21930.0,22020.0,surface,2025-07-12,0.6827181845903397,0.35152280982289086
22160.0,22310.0,surface,2025-07-12,0.607365395128727,0.3941337733882051
22840.0,22910.0,surface,2025-07-12,0.7826341688632966,0.4762539897419174
23180.0,23280.0,surface,2025-07-12,0.5281452134251595,0.3193225970145002
24440.0,24530.0,surface,2025-07-12,0.8455848932266237,0.4603084626545768
850.0,970.0,surface,2025-07-12,0.9787207603454591,0.5631013371756686
1100.0,1180.0,surface,2025-07-12,0.6291023537516595,0.36568602477885487
1560.0,1710.0,surface,2025-07-12,0.9979291796684266,0.5401748846737494
2180.0,2300.0,surface,2025-07-12,0.9885496377944948,0.6088298080754613
4680.0,4900.0,surface,2025-07-12,0.9251275062561035,0.39440442812394955
6750.0,6840.0,surface,2025-07-12,0.6601632356643676,0.3847670329967514
7580.0,7700.0,surface,2025-07-12,0.7310299754142762,0.41477251141016563
7750.0,7830.0,surface,2025-07-12,0.5818872392177582,0.3336189429800773
8320.0,8390.0,surface,2025-07-12,0.5981384158134461,0.3728973596411379
10090.0,10160.0,surface,2025-07-12,0.5676643673330546,0.3592280896598823
11980.0,12150.0,surface,2025-07-12,0.6696444332599641,0.3937753697443669
16320.0,16470.0,surface,2025-07-12,0.6192327976226808,0.33178750467151286
17010.0,17180.0,surface,2025-07-12,0.9375006079673768,0.4093396136838642
20130.0,20260.0,surface,2025-07-12,0.5627479523420335,0.3596416628595048
20490.0,20630.0,surface,2025-07-12,0.5955314189195633,0.35200422364151274
22130.0,22250.0,surface,2025-07-12,0.5001856349408628,0.27506707141570036
22460.0,22590.0,surface,2025-07-12,0.8712537288665773,0.436762098485581
23660.0,23810.0,surface,2025-07-12,0.5086411666125059,0.3428879947060487
24430.0,24500.0,surface,2025-07-12,0.540508302487433,0.3223314255131754
26290.0,26410.0,surface,2025-07-12,0.5697688460350037,0.31804678390483154
26920.0,27020.0,surface,2025-07-12,0.7264656230807305,0.4196452609972436
27380.0,27460.0,surface,2025-07-12,0.6099881844595075,0.3433914162224634
27620.0,27740.0,surface,2025-07-12,0.985556924343109,0.5668275672130926
27770.0,27850.0,surface,2025-07-12,0.7063235074281693,0.4062222192538005
31100.0,31280.0,surface,2025-07-12,0.8242825388908387,0.5163240761506324
31470.0,31540.0,surface,2025-07-12,0.6617086380720139,0.41296663924413224
31940.0,32020.0,surface,2025-07-12,0.7265481516718866,0.417458336969412
33220.0,33300.0,surface,2025-07-12,0.8862175703048706,0.490807427665479
34070.0,34150.0,surface,2025-07-12,0.6608768850564958,0.4091680119622551
34310.0,34380.0,surface,2025-07-12,0.5343335304409266,0.33454010502643994
34750.0,34850.0,surface,2025-07-12,0.6526784540736117,0.38820195495002524
35200.0,35290.0,surface,2025-07-12,0.5461322605609894,0.35461278544738895
35810.0,35890.0,surface,2025-07-12,0.5201947710476816,0.3506134561314765
36210.0,36290.0,surface,2025-07-12,0.7968404352664948,0.4956864358199911
36990.0,37110.0,surface,2025-07-12,0.77556771337986,0.43291638423688716
37440.0,37600.0,surface,2025-07-12,0.6581779837608338,0.3845064892546378
38550.0,38620.0,surface,2025-07-12,0.7140218749176711,0.4699375228937698
39940.0,40040.0,surface,2025-07-12,0.5506695333286189,0.3617569552597739
40760.0,40900.0,surface,2025-07-12,0.5876041948795319,0.4133055679927445
44750.0,44820.0,surface,2025-07-12,0.7452239274978638,0.4746295475581892
47020.0,47100.0,surface,2025-07-12,0.7460511565208435,0.45486574074667363
47730.0,47860.0,surface,2025-07-12,0.5065321032423526,0.2577868463394761
48300.0,48460.0,surface,2025-07-12,0.9834465026855469,0.46885567980156984
48470.0,48550.0,surface,2025-07-12,0.7194085359573364,0.39988832026679627
48670.0,48890.0,surface,2025-07-12,0.9999768018722535,0.5701481723834456
49510.0,49760.0,surface,2025-07-12,0.6615945756435394,0.32434372288262237
49980.0,50130.0,surface,2025-07-12,0.944254207611084,0.5356818229105557
50950.0,51020.0,surface,2025-07-12,0.516780848056078,0.3515311587130783
52020.0,52140.0,surface,2025-07-12,0.86558256149292,0.5519007047489316
54310.0,54380.0,surface,2025-07-12,0.5007100939750673,0.32252359925134905
54560.0,54640.0,surface,2025-07-12,0.7074233189225198,0.3996289678239467
55070.0,55140.0,surface,2025-07-12,0.549045604467392,0.3444755595630838
55160.0,55240.0,surface,2025-07-12,0.5235776782035828,0.2996899840795082
58140.0,58230.0,surface,2025-07-12,0.8348775744438173,0.49785262335644803
58550.0,58670.0,surface,2025-07-12,0.9445298671722413,0.601853130885138
59500.0,59580.0,surface,2025-07-12,0.5865028686821462,0.36895220041543175
1220.0,1340.0,surface,2025-07-13,0.7840726524591446,0.47278409685084355
1390.0,1510.0,surface,2025-07-13,0.5388157864392271,0.39690247641998366
3430.0,3500.0,surface,2025-07-13,0.5157384008169175,0.3634328189247526
3780.0,3870.0,surface,2025-07-13,0.8869386553764342,0.5093439581653365
5070.0,5170.0,surface,2025-07-13,0.5689883671700954,0.3570506396812768
6280.0,6360.0,surface,2025-07-13,0.6846231400966645,0.38945982199058765
6550.0,6670.0,surface,2025-07-13,0.5326451372820884,0.2908937336762078
6920.0,7000.0,surface,2025-07-13,0.571002334356308,0.37406861369575684
7440.0,7530.0,surface,2025-07-13,0.67712222635746,0.38585856235131366
8310.0,8370.0,surface,2025-07-13,0.5145134771242738,0.3284170388551761
9640.0,9760.0,surface,2025-07-13,0.8075201511383057,0.46383900062451705
10720.0,10810.0,surface,2025-07-13,0.6299692764878273,0.3533006530928572
10900.0,10980.0,surface,2025-07-13,0.5108447596430779,0.3006384552913207
12230.0,12310.0,surface,2025-07-13,0.8669847905635835,0.5330427960558963
12760.0,12830.0,surface,2025-07-13,0.5530655145645141,0.33924156055445565
13660.0,13730.0,surface,2025-07-13,0.5736438378691673,0.36631200305055245
14210.0,14390.0,surface,2025-07-13,0.8124728739261627,0.45385830417324446
15220.0,15310.0,surface,2025-07-13,0.7636702060699464,0.3865399031196154
15530.0,15610.0,surface,2025-07-13,0.6018438011407852,0.36600146542658335
16940.0,17040.0,surface,2025-07-13,0.991096830368042,0.5812812043866061
17580.0,17670.0,surface,2025-07-13,0.6538214921951294,0.38279011432567356
18100.0,18190.0,surface,2025-07-13,0.5078394010663032,0.3283914005774796
18590.0,18720.0,surface,2025-07-13,0.9515664935111999,0.5755348132909474
18950.0,19030.0,surface,2025-07-13,0.8506830573081972,0.49575218205702387
19230.0,19320.0,surface,2025-07-13,0.6682025651447475,0.4026292210677639
19490.0,19570.0,surface,2025-07-13,0.6005245432257652,0.3919132359998508
19610.0,19710.0,surface,2025-07-13,0.5602509677410126,0.3520812093216757
20200.0,20270.0,surface,2025-07-13,0.5978037700057031,0.3611468718514033
21110.0,21210.0,surface,2025-07-13,0.6740817606449128,0.4284793594498875
21430.0,21520.0,surface,2025-07-13,0.9753246188163758,0.5444131423065814
21910.0,22020.0,surface,2025-07-13,0.9841308832168579,0.595523081072763
24470.0,24540.0,surface,2025-07-13,0.6953516006469727,0.42766079081638964
2780.0,2860.0,surface,2025-07-13,0.7607689294964075,0.4447925044068446
4720.0,4790.0,surface,2025-07-13,0.6674756944179535,0.4158553156645212
4820.0,4920.0,surface,2025-07-13,0.7225715637207032,0.4226840389807793
5290.0,5380.0,surface,2025-07-13,0.7677711993455888,0.40546453590577586
7860.0,7950.0,surface,2025-07-13,0.7464945673942566,0.4105686267407146
10200.0,10330.0,surface,2025-07-13,0.6572638928890229,0.3935147147180841
11070.0,11140.0,surface,2025-07-13,0.5603196442127228,0.355978779306497
11610.0,11690.0,surface,2025-07-13,0.5311519876122475,0.3314456074356769
12400.0,12480.0,surface,2025-07-13,0.6381337687373162,0.36561902291950016
15450.0,15540.0,surface,2025-07-13,0.6989082217216492,0.44150959519623945
15610.0,15690.0,surface,2025-07-13,0.6536698155105115,0.40744227126286003
17270.0,17400.0,surface,2025-07-13,0.6119441714137793,0.3592291652054103
19490.0,19590.0,surface,2025-07-13,0.8809033274650574,0.493642421682704
21300.0,21370.0,surface,2025-07-13,0.6480016600806267,0.40131671384693846
21430.0,21500.0,surface,2025-07-13,0.637501059472561,0.43605196879062513
21810.0,21920.0,surface,2025-07-13,0.9935556173324585,0.6197612438952107
22480.0,22550.0,surface,2025-07-13,0.5528421895578504,0.34981883724063895
25840.0,25990.0,surface,2025-07-13,0.9781914710998536,0.5399140373143041
26230.0,26300.0,surface,2025-07-13,0.5868162460625173,0.36194649348372543
27050.0,27240.0,surface,2025-07-13,0.9998682618141174,0.6637687983582874
29630.0,29700.0,surface,2025-07-13,0.7113155484199525,0.43398889352320114
30230.0,30300.0,surface,2025-07-13,0.554775720834732,0.34813121500446864
31400.0,31470.0,surface,2025-07-13,0.565875355899334,0.35749379644476
32170.0,32310.0,surface,2025-07-13,0.9925695776939393,0.6237470136707027
35440.0,35580.0,surface,2025-07-13,0.7931303858757021,0.38979620201675674
35860.0,36000.0,surface,2025-07-13,0.5808504655957222,0.349130454317977
38240.0,38330.0,surface,2025-07-13,0.8483757257461547,0.4289197274939534
38990.0,39140.0,surface,2025-07-13,0.6071643352508546,0.3319109495274461
39490.0,39590.0,surface,2025-07-13,0.5884090945124626,0.38672707980288334
40030.0,40100.0,surface,2025-07-13,0.5523393705487252,0.3614411436638687
40280.0,40370.0,surface,2025-07-13,0.6127153411507607,0.3422412437596359
40680.0,40770.0,surface,2025-07-13,0.8652173280715942,0.43329930236706415
41870.0,41950.0,surface,2025-07-13,0.8414011240005493,0.46504398583290624
